,name,type,displayName,pipLocation,displayPrecision,tradeUnitsPrecision,minimumTradeSize,maximumTrailingStopDistance,minimumTrailingStopDistance,maximumPositionSize,maximumOrderUnits,marginRate,guaranteedStopLossOrderMode,tags,financing,minimumGuaranteedStopLossDistance,guaranteedStopLossOrderExecutionPremium,guaranteedStopLossOrderLevelRestriction
0,LTC_USD,CFD,Litecoin,-1,2,2,0.01,1000.00,0.50,0,40000,0.5,DISABLED,"[{'type': 'ASSET_CLASS', 'name': 'CRYPTO'}]","{'longRate': '-0.2505', 'shortRate': '-0.2495', 'financingDaysOfWeek': [{'dayOfWeek': 'MONDAY', 'daysCharged': 1}, {'dayOfWeek': 'TUESDAY', 'daysCharged': 1}, {'dayOfWeek': 'WEDNESDAY', 'daysCharged': 1}, {'dayOfWeek': 'THURSDAY', 'daysCharged': 1}, {'dayOfWeek': 'FRIDAY', 'daysCharged': 3}, {'dayOfWeek': 'SATURDAY', 'daysCharged': 0}, {'dayOfWeek': 'SUNDAY', 'daysCharged': 0}]}",,,
1,HK33_HKD,CFD,Hong Kong 33,0,1,1,0.1,10000.0,5.0,0,2000,0.1,ALLOWED,"[{'type': 'ASSET_CLASS', 'name': 'INDEX'}]","{'longRate': '-0.0253', 'shortRate': '-0.0247', 'financingDaysOfWeek': [{'dayOfWeek': 'MONDAY', 'daysCharged': 1}, {'dayOfWeek': 'TUESDAY', 'daysCharged': 1}, {'dayOfWeek': 'WEDNESDAY', 'daysCharged': 1}, {'dayOfWeek': 'THURSDAY', 'daysCharged': 1}, {'dayOfWeek': 'FRIDAY', 'daysCharged': 3}, {'dayOfWeek': 'SATURDAY', 'daysCharged': 0}, {'dayOfWeek': 'SUNDAY', 'daysCharged': 0}]}",292,10.0,"{'volume': '100', 'priceRange': '100.0'}"
2,EUR_HUF,CURRENCY,EUR/HUF,-2,3,0,1,100.000,0.050,0,100000000,0.05,DISABLED,"[{'type': 'ASSET_CLASS', 'name': 'CURRENCY'}]","{'longRate': '-0.0695', 'shortRate': '0.0067', 'financingDaysOfWeek': [{'dayOfWeek': 'MONDAY', 'daysCharged': 1}, {'dayOfWeek': 'TUESDAY', 'daysCharged': 1}, {'dayOfWeek': 'WEDNESDAY', 'daysCharged': 1}, {'dayOfWeek': 'THURSDAY', 'daysCharged': 1}, {'dayOfWeek': 'FRIDAY', 'daysCharged': 1}, {'dayOfWeek': 'SATURDAY', 'daysCharged': 0}, {'dayOfWeek': 'SUNDAY', 'daysCharged': 0}]}",,,
3,FR40_EUR,CFD,France 40,0,1,1,0.1,10000.0,5.0,0,1000,0.05,ALLOWED,"[{'type': 'ASSET_CLASS', 'name': 'INDEX'}]","{'longRate': '-0.0192', 'shortRate': '-0.0308', 'financingDaysOfWeek': [{'dayOfWeek': 'MONDAY', 'daysCharged': 1}, {'dayOfWeek': 'TUESDAY', 'daysCharged': 1}, {'dayOfWeek': 'WEDNESDAY', 'daysCharged': 1}, {'dayOfWeek': 'THURSDAY', 'daysCharged': 1}, {'dayOfWeek': 'FRIDAY', 'daysCharged': 3}, {'dayOfWeek': 'SATURDAY', 'daysCharged': 0}, {'dayOfWeek': 'SUNDAY', 'daysCharged': 0}]}",66,1.5,"{'volume': '200', 'priceRange': '25.0'}"
4,EUR_DKK,CURRENCY,EUR/DKK,-4,5,0,1,1.00000,0.00050,0,100000000,0.1,DISABLED,"[{'type': 'ASSET_CLASS', 'name': 'CURRENCY'}]","{'longRate': '-0.0104', 'shortRate': '-0.0117', 'financingDaysOfWeek': [{'dayOfWeek': 'MONDAY', 'daysCharged': 1}, {'dayOfWeek': 'TUESDAY', 'daysCharged': 1}, {'dayOfWeek': 'WEDNESDAY', 'daysCharged': 1}, {'dayOfWeek': 'THURSDAY', 'daysCharged': 1}, {'dayOfWeek': 'FRIDAY', 'daysCharged': 1}, {'dayOfWeek': 'SATURDAY', 'daysCharged': 0}, {'dayOfWeek': 'SUNDAY', 'daysCharged': 0}]}",,,
5,XAU_CHF,METAL,Gold/CHF,-2,3,0,1,100.000,0.050,0,20000,0.05,DISABLED,"[{'type': 'KID_ASSET_CLASS', 'name': 'METAL'}, {'type': 'ASSET_CLASS', 'name': 'COMMODITY'}]","{'longRate': '-0.0036', 'shortRate': '-0.0198', 'financingDaysOfWeek': [{'dayOfWeek': 'MONDAY', 'daysCharged': 1}, {'dayOfWeek': 'TUESDAY', 'daysCharged': 1}, {'dayOfWeek': 'WEDNESDAY', 'daysCharged': 1}, {'dayOfWeek': 'THURSDAY', 'daysCharged': 1}, {'dayOfWeek': 'FRIDAY', 'daysCharged': 1}, {'dayOfWeek': 'SATURDAY', 'daysCharged': 0}, {'dayOfWeek': 'SUNDAY', 'daysCharged': 0}]}",,,
6,XPD_USD,CFD,Palladium,-2,3,0,1,100.000,0.050,0,5000,0.1,DISABLED,"[{'type': 'KID_ASSET_CLASS', 'name': 'METAL'}, {'type': 'ASSET_CLASS', 'name': 'COMMODITY'}]","{'longRate': '-0.033', 'shortRate': '-0.017', 'financingDaysOfWeek': [{'dayOfWeek': 'MONDAY', 'daysCharged': 1}, {'dayOfWeek': 'TUESDAY', 'daysCharged': 1}, {'dayOfWeek': 'WEDNESDAY', 'daysCharged': 1}, {'dayOfWeek': 'THURSDAY', 'daysCharged': 1}, {'dayOfWeek': 'FRIDAY', 'daysCharged': 1}, {'dayOfWeek': 'SATURDAY', 'daysCharged': 1}, {'dayOfWeek': 'SUNDAY', 'daysCharged': 1}]}",,,
7,BCO_USD,CFD,Brent Crude Oil,-2,3,0,1,100.000,0.050,0,100000,0.1,ALLOWED,"[{'type': 'ASSET_CLASS', 'name': 'COMMODITY'}]","{'longRate': '0.005', 'shortRate': '-0.055', 'financingDaysOfWeek': [{'dayOfWeek': 'MONDAY', 'daysCharged': 1}, {'dayOfWeek': 'TUESDAY', 'daysCharged': 1}, {'dayOfWeek': 'WEDNESDAY', 'daysCharged': 1}, {'dayOfWeek': 'THURSDAY', 'daysCharged': 1}, {'dayOfWeek': 'FRIDAY', 'daysCharged': 1}, {'dayOfWeek': 'SATURDAY', 'daysCharged': 1}, {'dayOfWeek': 'SUNDAY', 'daysCharged': 1}]}",1.50,0.060,"{'volume': '3000', 'priceRange': '0.250'}"
8,IN50_USD,CFD,India 50,0,1,1,0.1,10000.0,5.0,0,300,0.1,DISABLED,"[{'type': 'ASSET_CLASS', 'name': 'INDEX'}]","{'longRate': '-0.0255', 'shortRate': '-0.0245', 'financingDaysOfWeek': [{'dayOfWeek': 'MONDAY', 'daysCharged': 1}, {'dayOfWeek': 'TUESDAY', 'daysCharged': 1}, {'dayOfWeek': 'WEDNESDAY', 'daysCharged': 1}, {'dayOfWeek': 'THURSDAY', 'daysCharged': 1}, {'dayOfWeek': 'FRIDAY', 'daysCharged': 3}, {'dayOfWeek': 'SATURDAY', 'daysCharged': 0}, {'dayOfWeek': 'SUNDAY', 'daysCharged': 0}]}",,,
9,NATGAS_USD,CFD,Natural Gas,-2,3,0,1,100.000,0.050,0,1000000,0.1,DISABLED,"[{'type': 'ASSET_CLASS', 'name': 'COMMODITY'}]","{'longRate': '0.591', 'shortRate': '-0.641', 'financingDaysOfWeek': [{'dayOfWeek': 'MONDAY', 'daysCharged': 1}, {'dayOfWeek': 'TUESDAY', 'daysCharged': 1}, {'dayOfWeek': 'WEDNESDAY', 'daysCharged': 1}, {'dayOfWeek': 'THURSDAY', 'daysCharged': 1}, {'dayOfWeek': 'FRIDAY', 'daysCharged': 1}, {'dayOfWeek': 'SATURDAY', 'daysCharged': 1}, {'dayOfWeek': 'SUNDAY', 'daysCharged': 1}]}",,,
10,USD_MXN,CURRENCY,USD/MXN,-4,5,0,1,1.00000,0.00050,0,100000000,0.05,DISABLED,"[{'type': 'ASSET_CLASS', 'name': 'CURRENCY'}]","{'longRate': '-0.0659', 'shortRate': '0.0409', 'financingDaysOfWeek': [{'dayOfWeek': 'MONDAY', 'daysCharged': 1}, {'dayOfWeek': 'TUESDAY', 'daysCharged': 1}, {'dayOfWeek': 'WEDNESDAY', 'daysCharged': 1}, {'dayOfWeek': 'THURSDAY', 'daysCharged': 1}, {'dayOfWeek': 'FRIDAY', 'daysCharged': 1}, {'dayOfWeek': 'SATURDAY', 'daysCharged': 0}, {'dayOfWeek': 'SUNDAY', 'daysCharged': 0}]}",,,
11,GBP_USD,CURRENCY,GBP/USD,-4,5,0,1,1.00000,0.00050,0,50000000,0.0333,ALLOWED,"[{'type': 'ASSET_CLASS', 'name': 'CURRENCY'}]","{'longRate': '-0.0103', 'shortRate': '-0.0116', 'financingDaysOfWeek': [{'dayOfWeek': 'MONDAY', 'daysCharged': 1}, {'dayOfWeek': 'TUESDAY', 'daysCharged': 1}, {'dayOfWeek': 'WEDNESDAY', 'daysCharged': 1}, {'dayOfWeek': 'THURSDAY', 'daysCharged': 1}, {'dayOfWeek': 'FRIDAY', 'daysCharged': 1}, {'dayOfWeek': 'SATURDAY', 'daysCharged': 0}, {'dayOfWeek': 'SUNDAY', 'daysCharged': 0}]}",0.0030,0.00050,"{'volume': '1000000', 'priceRange': '0.00250'}"
12,CAD_CHF,CURRENCY,CAD/CHF,-4,5,0,1,1.00000,0.00050,0,100000000,0.04,DISABLED,"[{'type': 'ASSET_CLASS', 'name': 'CURRENCY'}]","{'longRate': '-0.0027', 'shortRate': '-0.0212', 'financingDaysOfWeek': [{'dayOfWeek': 'MONDAY', 'daysCharged': 1}, {'dayOfWeek': 'TUESDAY', 'daysCharged': 1}, {'dayOfWeek': 'WEDNESDAY', 'daysCharged': 1}, {'dayOfWeek': 'THURSDAY', 'daysCharged': 1}, {'dayOfWeek': 'FRIDAY', 'daysCharged': 1}, {'dayOfWeek': 'SATURDAY', 'daysCharged': 0}, {'dayOfWeek': 'SUNDAY', 'daysCharged': 0}]}",,,
13,EUR_GBP,CURRENCY,EUR/GBP,-4,5,0,1,1.00000,0.00050,0,100000000,0.0333,ALLOWED,"[{'type': 'ASSET_CLASS', 'name': 'CURRENCY'}]","{'longRate': '-0.0184', 'shortRate': '-0.0037', 'financingDaysOfWeek': [{'dayOfWeek': 'MONDAY', 'daysCharged': 1}, {'dayOfWeek': 'TUESDAY', 'daysCharged': 1}, {'dayOfWeek': 'WEDNESDAY', 'daysCharged': 1}, {'dayOfWeek': 'THURSDAY', 'daysCharged': 1}, {'dayOfWeek': 'FRIDAY', 'daysCharged': 1}, {'dayOfWeek': 'SATURDAY', 'daysCharged': 0}, {'dayOfWeek': 'SUNDAY', 'daysCharged': 0}]}",0.0030,0.00050,"{'volume': '1000000', 'priceRange': '0.00250'}"
14,XAG_SGD,METAL,Silver/SGD,-4,5,0,1,1.00000,0.00050,0,500000,0.1,DISABLED,"[{'type': 'KID_ASSET_CLASS', 'name': 'METAL'}, {'type': 'ASSET_CLASS', 'name': 'COMMODITY'}]","{'longRate': '-0.022', 'shortRate': '-0.0113', 'financingDaysOfWeek': [{'dayOfWeek': 'MONDAY', 'daysCharged': 1}, {'dayOfWeek': 'TUESDAY', 'daysCharged': 1}, {'dayOfWeek': 'WEDNESDAY', 'daysCharged': 1}, {'dayOfWeek': 'THURSDAY', 'daysCharged': 1}, {'dayOfWeek': 'FRIDAY', 'daysCharged': 1}, {'dayOfWeek': 'SATURDAY', 'daysCharged': 0}, {'dayOfWeek': 'SUNDAY', 'daysCharged': 0}]}",,,
15,JP225_USD,CFD,Japan 225,0,1,1,0.1,10000.0,5.0,0,750,0.05,ALLOWED,"[{'type': 'ASSET_CLASS', 'name': 'INDEX'}]","{'longRate': '-0.0255', 'shortRate': '-0.0245', 'financingDaysOfWeek': [{'dayOfWeek': 'MONDAY', 'daysCharged': 1}, {'dayOfWeek': 'TUESDAY', 'daysCharged': 1}, {'dayOfWeek': 'WEDNESDAY', 'daysCharged': 1}, {'dayOfWeek': 'THURSDAY', 'daysCharged': 1}, {'dayOfWeek': 'FRIDAY', 'daysCharged': 3}, {'dayOfWeek': 'SATURDAY', 'daysCharged': 0}, {'dayOfWeek': 'SUNDAY', 'daysCharged': 0}]}",289,10.0,"{'volume': '50', 'priceRange': '100.0'}"
16,XAG_CAD,METAL,Silver/CAD,-4,5,0,1,1.00000,0.00050,0,500000,0.1,DISABLED,"[{'type': 'KID_ASSET_CLASS', 'name': 'METAL'}, {'type': 'ASSET_CLASS', 'name': 'COMMODITY'}]","{'longRate': '-0.0153', 'shortRate': '-0.0079', 'financingDaysOfWeek': [{'dayOfWeek': 'MONDAY', 'daysCharged': 1}, {'dayOfWeek': 'TUESDAY', 'daysCharged': 1}, {'dayOfWeek': 'WEDNESDAY', 'daysCharged': 1}, {'dayOfWeek': 'THURSDAY', 'daysCharged': 1}, {'dayOfWeek': 'FRIDAY', 'daysCharged': 1}, {'dayOfWeek': 'SATURDAY', 'daysCharged': 0}, {'dayOfWeek': 'SUNDAY', 'daysCharged': 0}]}",,,
17,CN50_USD,CFD,China A50,0,1,1,0.1,10000.0,5.0,0,500,0.1,DISABLED,"[{'type': 'ASSET_CLASS', 'name': 'INDEX'}]","{'longRate': '-0.0255', 'shortRate': '-0.0245', 'financingDaysOfWeek': [{'dayOfWeek': 'MONDAY', 'daysCharged': 1}, {'dayOfWeek': 'TUESDAY', 'daysCharged': 1}, {'dayOfWeek': 'WEDNESDAY', 'daysCharged': 1}, {'dayOfWeek': 'THURSDAY', 'daysCharged': 1}, {'dayOfWeek': 'FRIDAY', 'daysCharged': 3}, {'dayOfWeek': 'SATURDAY', 'daysCharged': 0}, {'dayOfWeek': 'SUNDAY', 'daysCharged': 0}]}",,,
18,EU50_EUR,CFD,Europe 50,0,1,1,0.1,10000.0,5.0,0,3000,0.05,ALLOWED,"[{'type': 'ASSET_CLASS', 'name': 'INDEX'}]","{'longRate': '-0.0192', 'shortRate': '-0.0308', 'financingDaysOfWeek': [{'dayOfWeek': 'MONDAY', 'daysCharged': 1}, {'dayOfWeek': 'TUESDAY', 'daysCharged': 1}, {'dayOfWeek': 'WEDNESDAY', 'daysCharged': 1}, {'dayOfWeek': 'THURSDAY', 'daysCharged': 1}, {'dayOfWeek': 'FRIDAY', 'daysCharged': 3}, {'dayOfWeek': 'SATURDAY', 'daysCharged': 0}, {'dayOfWeek': 'SUNDAY', 'daysCharged': 0}]}",41,1.5,"{'volume': '200', 'priceRange': '10.0'}"
19,GBP_CHF,CURRENCY,GBP/CHF,-4,5,0,1,1.00000,0.00050,0,100000000,0.04,DISABLED,"[{'type': 'ASSET_CLASS', 'name': 'CURRENCY'}]","{'longRate': '-0.0016', 'shortRate': '-0.0207', 'financingDaysOfWeek': [{'dayOfWeek': 'MONDAY', 'daysCharged': 1}, {'dayOfWeek': 'TUESDAY', 'daysCharged': 1}, {'dayOfWeek': 'WEDNESDAY', 'daysCharged': 1}, {'dayOfWeek': 'THURSDAY', 'daysCharged': 1}, {'dayOfWeek': 'FRIDAY', 'daysCharged': 1}, {'dayOfWeek': 'SATURDAY', 'daysCharged': 0}, {'dayOfWeek': 'SUNDAY', 'daysCharged': 0}]}",,,
20,USD_THB,CURRENCY,USD/THB,-2,3,0,1,100.000,0.050,0,100000000,0.05,DISABLED,"[{'type': 'ASSET_CLASS', 'name': 'CURRENCY'}]","{'longRate': '-0.1195', 'shortRate': '-0.0875', 'financingDaysOfWeek': [{'dayOfWeek': 'MONDAY', 'daysCharged': 1}, {'dayOfWeek': 'TUESDAY', 'daysCharged': 1}, {'dayOfWeek': 'WEDNESDAY', 'daysCharged': 1}, {'dayOfWeek': 'THURSDAY', 'daysCharged': 1}, {'dayOfWeek': 'FRIDAY', 'daysCharged': 1}, {'dayOfWeek': 'SATURDAY', 'daysCharged': 0}, {'dayOfWeek': 'SUNDAY', 'daysCharged': 0}]}",,,
21,USD_ZAR,CURRENCY,USD/ZAR,-4,5,0,1,1.00000,0.00050,0,100000000,0.05,DISABLED,"[{'type': 'ASSET_CLASS', 'name': 'CURRENCY'}]","{'longRate': '-0.0737', 'shortRate': '0.0226', 'financingDaysOfWeek': [{'dayOfWeek': 'MONDAY', 'daysCharged': 1}, {'dayOfWeek': 'TUESDAY', 'daysCharged': 1}, {'dayOfWeek': 'WEDNESDAY', 'daysCharged': 1}, {'dayOfWeek': 'THURSDAY', 'daysCharged': 1}, {'dayOfWeek': 'FRIDAY', 'daysCharged': 1}, {'dayOfWeek': 'SATURDAY', 'daysCharged': 0}, {'dayOfWeek': 'SUNDAY', 'daysCharged': 0}]}",,,
22,XAU_USD,METAL,Gold,-2,3,0,1,100.000,0.050,0,20000,0.05,ALLOWED,"[{'type': 'KID_ASSET_CLASS', 'name': 'METAL'}, {'type': 'ASSET_CLASS', 'name': 'COMMODITY'}]","{'longRate': '-0.0122', 'shortRate': '-0.0106', 'financingDaysOfWeek': [{'dayOfWeek': 'MONDAY', 'daysCharged': 1}, {'dayOfWeek': 'TUESDAY', 'daysCharged': 1}, {'dayOfWeek': 'WEDNESDAY', 'daysCharged': 1}, {'dayOfWeek': 'THURSDAY', 'daysCharged': 1}, {'dayOfWeek': 'FRIDAY', 'daysCharged': 1}, {'dayOfWeek': 'SATURDAY', 'daysCharged': 0}, {'dayOfWeek': 'SUNDAY', 'daysCharged': 0}]}",6.00,0.500,"{'volume': '1000', 'priceRange': '5.000'}"
23,XPT_USD,CFD,Platinum,-2,3,0,1,100.000,0.050,0,5000,0.1,DISABLED,"[{'type': 'KID_ASSET_CLASS', 'name': 'METAL'}, {'type': 'ASSET_CLASS', 'name': 'COMMODITY'}]","{'longRate': '-0.014', 'shortRate': '-0.036', 'financingDaysOfWeek': [{'dayOfWeek': 'MONDAY', 'daysCharged': 1}, {'dayOfWeek': 'TUESDAY', 'daysCharged': 1}, {'dayOfWeek': 'WEDNESDAY', 'daysCharged': 1}, {'dayOfWeek': 'THURSDAY', 'daysCharged': 1}, {'dayOfWeek': 'FRIDAY', 'daysCharged': 1}, {'dayOfWeek': 'SATURDAY', 'daysCharged': 1}, {'dayOfWeek': 'SUNDAY', 'daysCharged': 1}]}",,,
24,XAU_EUR,METAL,Gold/EUR,-2,3,0,1,100.000,0.050,0,20000,0.05,DISABLED,"[{'type': 'KID_ASSET_CLASS', 'name': 'METAL'}, {'type': 'ASSET_CLASS', 'name': 'COMMODITY'}]","{'longRate': '-0.0057', 'shortRate': '-0.0175', 'financingDaysOfWeek': [{'dayOfWeek': 'MONDAY', 'daysCharged': 1}, {'dayOfWeek': 'TUESDAY', 'daysCharged': 1}, {'dayOfWeek': 'WEDNESDAY', 'daysCharged': 1}, {'dayOfWeek': 'THURSDAY', 'daysCharged': 1}, {'dayOfWeek': 'FRIDAY', 'daysCharged': 1}, {'dayOfWeek': 'SATURDAY', 'daysCharged': 0}, {'dayOfWeek': 'SUNDAY', 'daysCharged': 0}]}",,,
25,EUR_NOK,CURRENCY,EUR/NOK,-4,5,0,1,1.00000,0.00050,0,100000000,0.05,ALLOWED,"[{'type': 'ASSET_CLASS', 'name': 'CURRENCY'}]","{'longRate': '-0.0231', 'shortRate': '0.00010', 'financingDaysOfWeek': [{'dayOfWeek': 'MONDAY', 'daysCharged': 1}, {'dayOfWeek': 'TUESDAY', 'daysCharged': 1}, {'dayOfWeek': 'WEDNESDAY', 'daysCharged': 1}, {'dayOfWeek': 'THURSDAY', 'daysCharged': 1}, {'dayOfWeek': 'FRIDAY', 'daysCharged': 1}, {'dayOfWeek': 'SATURDAY', 'daysCharged': 0}, {'dayOfWeek': 'SUNDAY', 'daysCharged': 0}]}",0.1000,0.00400,"{'volume': '1000000', 'priceRange': '0.10000'}"
26,XCU_USD,CFD,Copper,-4,5,0,1,1.00000,0.00050,0,1500000,0.1,DISABLED,"[{'type': 'ASSET_CLASS', 'name': 'COMMODITY'}]","{'longRate': '-0.034', 'shortRate': '-0.016', 'financingDaysOfWeek': [{'dayOfWeek': 'MONDAY', 'daysCharged': 1}, {'dayOfWeek': 'TUESDAY', 'daysCharged': 1}, {'dayOfWeek': 'WEDNESDAY', 'daysCharged': 1}, {'dayOfWeek': 'THURSDAY', 'daysCharged': 1}, {'dayOfWeek': 'FRIDAY', 'daysCharged': 1}, {'dayOfWeek': 'SATURDAY', 'daysCharged': 1}, {'dayOfWeek': 'SUNDAY', 'daysCharged': 1}]}",,,
27,CAD_JPY,CURRENCY,CAD/JPY,-2,3,0,1,100.000,0.050,0,100000000,0.0333,ALLOWED,"[{'type': 'ASSET_CLASS', 'name': 'CURRENCY'}]","{'longRate': '-0.0091', 'shortRate': '-0.015', 'financingDaysOfWeek': [{'dayOfWeek': 'MONDAY', 'daysCharged': 1}, {'dayOfWeek': 'TUESDAY', 'daysCharged': 1}, {'dayOfWeek': 'WEDNESDAY', 'daysCharged': 1}, {'dayOfWeek': 'THURSDAY', 'daysCharged': 1}, {'dayOfWeek': 'FRIDAY', 'daysCharged': 1}, {'dayOfWeek': 'SATURDAY', 'daysCharged': 0}, {'dayOfWeek': 'SUNDAY', 'daysCharged': 0}]}",0.30,0.020,"{'volume': '1000000', 'priceRange': '0.250'}"
28,XAU_HKD,METAL,Gold/HKD,-2,3,0,1,100.000,0.050,0,20000,0.05,DISABLED,"[{'type': 'KID_ASSET_CLASS', 'name': 'METAL'}, {'type': 'ASSET_CLASS', 'name': 'COMMODITY'}]","{'longRate': '-0.0131', 'shortRate': '-0.0122', 'financingDaysOfWeek': [{'dayOfWeek': 'MONDAY', 'daysCharged': 1}, {'dayOfWeek': 'TUESDAY', 'daysCharged': 1}, {'dayOfWeek': 'WEDNESDAY', 'daysCharged': 1}, {'dayOfWeek': 'THURSDAY', 'daysCharged': 1}, {'dayOfWeek': 'FRIDAY', 'daysCharged': 1}, {'dayOfWeek': 'SATURDAY', 'daysCharged': 0}, {'dayOfWeek': 'SUNDAY', 'daysCharged': 0}]}",,,
29,EUR_HKD,CURRENCY,EUR/HKD,-4,5,0,1,1.00000,0.00050,0,100000000,0.1,DISABLED,"[{'type': 'ASSET_CLASS', 'name': 'CURRENCY'}]","{'longRate': '-0.0179', 'shortRate': '-0.0048', 'financingDaysOfWeek': [{'dayOfWeek': 'MONDAY', 'daysCharged': 1}, {'dayOfWeek': 'TUESDAY', 'daysCharged': 1}, {'dayOfWeek': 'WEDNESDAY', 'daysCharged': 1}, {'dayOfWeek': 'THURSDAY', 'daysCharged': 1}, {'dayOfWeek': 'FRIDAY', 'daysCharged': 1}, {'dayOfWeek': 'SATURDAY', 'daysCharged': 0}, {'dayOfWeek': 'SUNDAY', 'daysCharged': 0}]}",,,
30,AUD_HKD,CURRENCY,AUD/HKD,-4,5,0,1,1.00000,0.00050,0,100000000,0.1,DISABLED,"[{'type': 'ASSET_CLASS', 'name': 'CURRENCY'}]","{'longRate': '-0.0131', 'shortRate': '-0.0105', 'financingDaysOfWeek': [{'dayOfWeek': 'MONDAY', 'daysCharged': 1}, {'dayOfWeek': 'TUESDAY', 'daysCharged': 1}, {'dayOfWeek': 'WEDNESDAY', 'daysCharged': 1}, {'dayOfWeek': 'THURSDAY', 'daysCharged': 1}, {'dayOfWeek': 'FRIDAY', 'daysCharged': 1}, {'dayOfWeek': 'SATURDAY', 'daysCharged': 0}, {'dayOfWeek': 'SUNDAY', 'daysCharged': 0}]}",,,
31,USD_SEK,CURRENCY,USD/SEK,-4,5,0,1,1.00000,0.00050,0,100000000,0.05,ALLOWED,"[{'type': 'ASSET_CLASS', 'name': 'CURRENCY'}]","{'longRate': '-0.0078', 'shortRate': '-0.0134', 'financingDaysOfWeek': [{'dayOfWeek': 'MONDAY', 'daysCharged': 1}, {'dayOfWeek': 'TUESDAY', 'daysCharged': 1}, {'dayOfWeek': 'WEDNESDAY', 'daysCharged': 1}, {'dayOfWeek': 'THURSDAY', 'daysCharged': 1}, {'dayOfWeek': 'FRIDAY', 'daysCharged': 1}, {'dayOfWeek': 'SATURDAY', 'daysCharged': 0}, {'dayOfWeek': 'SUNDAY', 'daysCharged': 0}]}",0.0600,0.00500,"{'volume': '1000000', 'priceRange': '0.05000'}"
32,GBP_SGD,CURRENCY,GBP/SGD,-4,5,0,1,1.00000,0.00050,0,100000000,0.05,ALLOWED,"[{'type': 'ASSET_CLASS', 'name': 'CURRENCY'}]","{'longRate': '-0.0548', 'shortRate': '-0.0522', 'financingDaysOfWeek': [{'dayOfWeek': 'MONDAY', 'daysCharged': 1}, {'dayOfWeek': 'TUESDAY', 'daysCharged': 1}, {'dayOfWeek': 'WEDNESDAY', 'daysCharged': 1}, {'dayOfWeek': 'THURSDAY', 'daysCharged': 1}, {'dayOfWeek': 'FRIDAY', 'daysCharged': 1}, {'dayOfWeek': 'SATURDAY', 'daysCharged': 0}, {'dayOfWeek': 'SUNDAY', 'daysCharged': 0}]}",0.0150,0.00050,"{'volume': '1000000', 'priceRange': '0.01500'}"
33,GBP_HKD,CURRENCY,GBP/HKD,-4,5,0,1,1.00000,0.00050,0,100000000,0.1,DISABLED,"[{'type': 'ASSET_CLASS', 'name': 'CURRENCY'}]","{'longRate': '-0.0108', 'shortRate': '-0.0125', 'financingDaysOfWeek': [{'dayOfWeek': 'MONDAY', 'daysCharged': 1}, {'dayOfWeek': 'TUESDAY', 'daysCharged': 1}, {'dayOfWeek': 'WEDNESDAY', 'daysCharged': 1}, {'dayOfWeek': 'THURSDAY', 'daysCharged': 1}, {'dayOfWeek': 'FRIDAY', 'daysCharged': 1}, {'dayOfWeek': 'SATURDAY', 'daysCharged': 0}, {'dayOfWeek': 'SUNDAY', 'daysCharged': 0}]}",,,
34,EUR_NZD,CURRENCY,EUR/NZD,-4,5,0,1,1.00000,0.00050,0,100000000,0.05,ALLOWED,"[{'type': 'ASSET_CLASS', 'name': 'CURRENCY'}]","{'longRate': '0', 'shortRate': '0', 'financingDaysOfWeek': [{'dayOfWeek': 'MONDAY', 'daysCharged': 1}, {'dayOfWeek': 'TUESDAY', 'daysCharged': 1}, {'dayOfWeek': 'WEDNESDAY', 'daysCharged': 1}, {'dayOfWeek': 'THURSDAY', 'daysCharged': 1}, {'dayOfWeek': 'FRIDAY', 'daysCharged': 1}, {'dayOfWeek': 'SATURDAY', 'daysCharged': 0}, {'dayOfWeek': 'SUNDAY', 'daysCharged': 0}]}",0.0030,0.00040,"{'volume': '1000000', 'priceRange': '0.00250'}"
35,XAG_AUD,METAL,Silver/AUD,-4,5,0,1,1.00000,0.00050,0,500000,0.1,DISABLED,"[{'type': 'KID_ASSET_CLASS', 'name': 'METAL'}, {'type': 'ASSET_CLASS', 'name': 'COMMODITY'}]","{'longRate': '-0.0135', 'shortRate': '-0.0095', 'financingDaysOfWeek': [{'dayOfWeek': 'MONDAY', 'daysCharged': 1}, {'dayOfWeek': 'TUESDAY', 'daysCharged': 1}, {'dayOfWeek': 'WEDNESDAY', 'daysCharged': 1}, {'dayOfWeek': 'THURSDAY', 'daysCharged': 1}, {'dayOfWeek': 'FRIDAY', 'daysCharged': 1}, {'dayOfWeek': 'SATURDAY', 'daysCharged': 0}, {'dayOfWeek': 'SUNDAY', 'daysCharged': 0}]}",,,
36,WTICO_USD,CFD,West Texas Oil,-2,3,0,1,100.000,0.050,0,100000,0.1,ALLOWED,"[{'type': 'ASSET_CLASS', 'name': 'COMMODITY'}]","{'longRate': '0.053', 'shortRate': '-0.103', 'financingDaysOfWeek': [{'dayOfWeek': 'MONDAY', 'daysCharged': 1}, {'dayOfWeek': 'TUESDAY', 'daysCharged': 1}, {'dayOfWeek': 'WEDNESDAY', 'daysCharged': 1}, {'dayOfWeek': 'THURSDAY', 'daysCharged': 1}, {'dayOfWeek': 'FRIDAY', 'daysCharged': 1}, {'dayOfWeek': 'SATURDAY', 'daysCharged': 1}, {'dayOfWeek': 'SUNDAY', 'daysCharged': 1}]}",1.50,0.060,"{'volume': '3000', 'priceRange': '0.250'}"
37,XAG_NZD,METAL,Silver/NZD,-4,5,0,1,1.00000,0.00050,0,500000,0.1,DISABLED,"[{'type': 'KID_ASSET_CLASS', 'name': 'METAL'}, {'type': 'ASSET_CLASS', 'name': 'COMMODITY'}]","{'longRate': '-0.0147', 'shortRate': '-0.0077', 'financingDaysOfWeek': [{'dayOfWeek': 'MONDAY', 'daysCharged': 1}, {'dayOfWeek': 'TUESDAY', 'daysCharged': 1}, {'dayOfWeek': 'WEDNESDAY', 'daysCharged': 1}, {'dayOfWeek': 'THURSDAY', 'daysCharged': 1}, {'dayOfWeek': 'FRIDAY', 'daysCharged': 1}, {'dayOfWeek': 'SATURDAY', 'daysCharged': 0}, {'dayOfWeek': 'SUNDAY', 'daysCharged': 0}]}",,,
38,SGD_CHF,CURRENCY,SGD/CHF,-4,5,0,1,1.00000,0.00050,0,100000000,0.05,DISABLED,"[{'type': 'ASSET_CLASS', 'name': 'CURRENCY'}]","{'longRate': '-0.0049', 'shortRate': '-0.0265', 'financingDaysOfWeek': [{'dayOfWeek': 'MONDAY', 'daysCharged': 1}, {'dayOfWeek': 'TUESDAY', 'daysCharged': 1}, {'dayOfWeek': 'WEDNESDAY', 'daysCharged': 1}, {'dayOfWeek': 'THURSDAY', 'daysCharged': 1}, {'dayOfWeek': 'FRIDAY', 'daysCharged': 1}, {'dayOfWeek': 'SATURDAY', 'daysCharged': 0}, {'dayOfWeek': 'SUNDAY', 'daysCharged': 0}]}",,,
39,AUD_SGD,CURRENCY,AUD/SGD,-4,5,0,1,1.00000,0.00050,0,100000000,0.05,ALLOWED,"[{'type': 'ASSET_CLASS', 'name': 'CURRENCY'}]","{'longRate': '-0.0537', 'shortRate': '-0.0471', 'financingDaysOfWeek': [{'dayOfWeek': 'MONDAY', 'daysCharged': 1}, {'dayOfWeek': 'TUESDAY', 'daysCharged': 1}, {'dayOfWeek': 'WEDNESDAY', 'daysCharged': 1}, {'dayOfWeek': 'THURSDAY', 'daysCharged': 1}, {'dayOfWeek': 'FRIDAY', 'daysCharged': 1}, {'dayOfWeek': 'SATURDAY', 'daysCharged': 0}, {'dayOfWeek': 'SUNDAY', 'daysCharged': 0}]}",0.0075,0.00200,"{'volume': '1000000', 'priceRange': '0.00750'}"
40,TWIX_USD,CFD,Taiwan Index,0,1,1,0.1,10000.0,5.0,0,10000,0.1,DISABLED,"[{'type': 'ASSET_CLASS', 'name': 'INDEX'}]","{'longRate': '-0.0255', 'shortRate': '-0.0245', 'financingDaysOfWeek': [{'dayOfWeek': 'MONDAY', 'daysCharged': 1}, {'dayOfWeek': 'TUESDAY', 'daysCharged': 1}, {'dayOfWeek': 'WEDNESDAY', 'daysCharged': 1}, {'dayOfWeek': 'THURSDAY', 'daysCharged': 1}, {'dayOfWeek': 'FRIDAY', 'daysCharged': 3}, {'dayOfWeek': 'SATURDAY', 'daysCharged': 0}, {'dayOfWeek': 'SUNDAY', 'daysCharged': 0}]}",,,
41,EUR_JPY,CURRENCY,EUR/JPY,-2,3,0,1,100.000,0.050,0,100000000,0.0333,ALLOWED,"[{'type': 'ASSET_CLASS', 'name': 'CURRENCY'}]","{'longRate': '-0.0147', 'shortRate': '-0.0065', 'financingDaysOfWeek': [{'dayOfWeek': 'MONDAY', 'daysCharged': 1}, {'dayOfWeek': 'TUESDAY', 'daysCharged': 1}, {'dayOfWeek': 'WEDNESDAY', 'daysCharged': 1}, {'dayOfWeek': 'THURSDAY', 'daysCharged': 1}, {'dayOfWeek': 'FRIDAY', 'daysCharged': 1}, {'dayOfWeek': 'SATURDAY', 'daysCharged': 0}, {'dayOfWeek': 'SUNDAY', 'daysCharged': 0}]}",0.15,0.020,"{'volume': '1000000', 'priceRange': '0.250'}"
42,USD_CHF,CURRENCY,USD/CHF,-4,5,0,1,1.00000,0.00050,0,100000000,0.04,DISABLED,"[{'type': 'ASSET_CLASS', 'name': 'CURRENCY'}]","{'longRate': '-0.0014', 'shortRate': '-0.0192', 'financingDaysOfWeek': [{'dayOfWeek': 'MONDAY', 'daysCharged': 1}, {'dayOfWeek': 'TUESDAY', 'daysCharged': 1}, {'dayOfWeek': 'WEDNESDAY', 'daysCharged': 1}, {'dayOfWeek': 'THURSDAY', 'daysCharged': 1}, {'dayOfWeek': 'FRIDAY', 'daysCharged': 1}, {'dayOfWeek': 'SATURDAY', 'daysCharged': 0}, {'dayOfWeek': 'SUNDAY', 'daysCharged': 0}]}",,,
43,USD_TRY,CURRENCY,USD/TRY,-4,5,0,1,1.00000,0.00050,0,10000000,0.1,DISABLED,"[{'type': 'ASSET_CLASS', 'name': 'CURRENCY'}]","{'longRate': '-0.3391', 'shortRate': '-0.076', 'financingDaysOfWeek': [{'dayOfWeek': 'MONDAY', 'daysCharged': 1}, {'dayOfWeek': 'TUESDAY', 'daysCharged': 1}, {'dayOfWeek': 'WEDNESDAY', 'daysCharged': 1}, {'dayOfWeek': 'THURSDAY', 'daysCharged': 1}, {'dayOfWeek': 'FRIDAY', 'daysCharged': 1}, {'dayOfWeek': 'SATURDAY', 'daysCharged': 0}, {'dayOfWeek': 'SUNDAY', 'daysCharged': 0}]}",,,
44,GBP_JPY,CURRENCY,GBP/JPY,-2,3,0,1,100.000,0.050,0,50000000,0.0333,ALLOWED,"[{'type': 'ASSET_CLASS', 'name': 'CURRENCY'}]","{'longRate': '-0.008', 'shortRate': '-0.0146', 'financingDaysOfWeek': [{'dayOfWeek': 'MONDAY', 'daysCharged': 1}, {'dayOfWeek': 'TUESDAY', 'daysCharged': 1}, {'dayOfWeek': 'WEDNESDAY', 'daysCharged': 1}, {'dayOfWeek': 'THURSDAY', 'daysCharged': 1}, {'dayOfWeek': 'FRIDAY', 'daysCharged': 1}, {'dayOfWeek': 'SATURDAY', 'daysCharged': 0}, {'dayOfWeek': 'SUNDAY', 'daysCharged': 0}]}",0.30,0.050,"{'volume': '1000000', 'priceRange': '0.250'}"
45,EUR_CZK,CURRENCY,EUR/CZK,-4,5,0,1,1.00000,0.00050,0,100000000,0.05,DISABLED,"[{'type': 'ASSET_CLASS', 'name': 'CURRENCY'}]","{'longRate': '-0.065', 'shortRate': '0.0189', 'financingDaysOfWeek': [{'dayOfWeek': 'MONDAY', 'daysCharged': 1}, {'dayOfWeek': 'TUESDAY', 'daysCharged': 1}, {'dayOfWeek': 'WEDNESDAY', 'daysCharged': 1}, {'dayOfWeek': 'THURSDAY', 'daysCharged': 1}, {'dayOfWeek': 'FRIDAY', 'daysCharged': 1}, {'dayOfWeek': 'SATURDAY', 'daysCharged': 0}, {'dayOfWeek': 'SUNDAY', 'daysCharged': 0}]}",,,
46,CHF_ZAR,CURRENCY,CHF/ZAR,-4,5,0,1,1.00000,0.00050,0,100000000,0.05,DISABLED,"[{'type': 'ASSET_CLASS', 'name': 'CURRENCY'}]","{'longRate': '-0.0895', 'shortRate': '0.0247', 'financingDaysOfWeek': [{'dayOfWeek': 'MONDAY', 'daysCharged': 1}, {'dayOfWeek': 'TUESDAY', 'daysCharged': 1}, {'dayOfWeek': 'WEDNESDAY', 'daysCharged': 1}, {'dayOfWeek': 'THURSDAY', 'daysCharged': 1}, {'dayOfWeek': 'FRIDAY', 'daysCharged': 1}, {'dayOfWeek': 'SATURDAY', 'daysCharged': 0}, {'dayOfWeek': 'SUNDAY', 'daysCharged': 0}]}",,,
47,BTC_USD,CFD,Bitcoin,0,1,2,0.01,10000.0,5.0,0,1000,0.5,DISABLED,"[{'type': 'ASSET_CLASS', 'name': 'CRYPTO'}]","{'longRate': '-0.2505', 'shortRate': '-0.2495', 'financingDaysOfWeek': [{'dayOfWeek': 'MONDAY', 'daysCharged': 1}, {'dayOfWeek': 'TUESDAY', 'daysCharged': 1}, {'dayOfWeek': 'WEDNESDAY', 'daysCharged': 1}, {'dayOfWeek': 'THURSDAY', 'daysCharged': 1}, {'dayOfWeek': 'FRIDAY', 'daysCharged': 3}, {'dayOfWeek': 'SATURDAY', 'daysCharged': 0}, {'dayOfWeek': 'SUNDAY', 'daysCharged': 0}]}",,,
48,EUR_TRY,CURRENCY,EUR/TRY,-4,5,0,1,1.00000,0.00050,0,10000000,0.1,DISABLED,"[{'type': 'ASSET_CLASS', 'name': 'CURRENCY'}]","{'longRate': '-0.3445', 'shortRate': '-0.0433', 'financingDaysOfWeek': [{'dayOfWeek': 'MONDAY', 'daysCharged': 1}, {'dayOfWeek': 'TUESDAY', 'daysCharged': 1}, {'dayOfWeek': 'WEDNESDAY', 'daysCharged': 1}, {'dayOfWeek': 'THURSDAY', 'daysCharged': 1}, {'dayOfWeek': 'FRIDAY', 'daysCharged': 1}, {'dayOfWeek': 'SATURDAY', 'daysCharged': 0}, {'dayOfWeek': 'SUNDAY', 'daysCharged': 0}]}",,,
49,USD_JPY,CURRENCY,USD/JPY,-2,3,0,1,100.000,0.050,0,100000000,0.0333,ALLOWED,"[{'type': 'ASSET_CLASS', 'name': 'CURRENCY'}]","{'longRate': '-0.0078', 'shortRate': '-0.013', 'financingDaysOfWeek': [{'dayOfWeek': 'MONDAY', 'daysCharged': 1}, {'dayOfWeek': 'TUESDAY', 'daysCharged': 1}, {'dayOfWeek': 'WEDNESDAY', 'daysCharged': 1}, {'dayOfWeek': 'THURSDAY', 'daysCharged': 1}, {'dayOfWeek': 'FRIDAY', 'daysCharged': 1}, {'dayOfWeek': 'SATURDAY', 'daysCharged': 0}, {'dayOfWeek': 'SUNDAY', 'daysCharged': 0}]}",0.15,0.020,"{'volume': '1000000', 'priceRange': '0.250'}"
50,GBP_ZAR,CURRENCY,GBP/ZAR,-4,5,0,1,1.00000,0.00050,0,100000000,0.05,DISABLED,"[{'type': 'ASSET_CLASS', 'name': 'CURRENCY'}]","{'longRate': '-0.0736', 'shortRate': '0.0216', 'financingDaysOfWeek': [{'dayOfWeek': 'MONDAY', 'daysCharged': 1}, {'dayOfWeek': 'TUESDAY', 'daysCharged': 1}, {'dayOfWeek': 'WEDNESDAY', 'daysCharged': 1}, {'dayOfWeek': 'THURSDAY', 'daysCharged': 1}, {'dayOfWeek': 'FRIDAY', 'daysCharged': 1}, {'dayOfWeek': 'SATURDAY', 'daysCharged': 0}, {'dayOfWeek': 'SUNDAY', 'daysCharged': 0}]}",,,
51,SGD_JPY,CURRENCY,SGD/JPY,-2,3,0,1,100.000,0.050,0,100000000,0.05,ALLOWED,"[{'type': 'ASSET_CLASS', 'name': 'CURRENCY'}]","{'longRate': '-0.0113', 'shortRate': '-0.0204', 'financingDaysOfWeek': [{'dayOfWeek': 'MONDAY', 'daysCharged': 1}, {'dayOfWeek': 'TUESDAY', 'daysCharged': 1}, {'dayOfWeek': 'WEDNESDAY', 'daysCharged': 1}, {'dayOfWeek': 'THURSDAY', 'daysCharged': 1}, {'dayOfWeek': 'FRIDAY', 'daysCharged': 1}, {'dayOfWeek': 'SATURDAY', 'daysCharged': 0}, {'dayOfWeek': 'SUNDAY', 'daysCharged': 0}]}",0.75,0.030,"{'volume': '1000000', 'priceRange': '0.750'}"
52,XAU_SGD,METAL,Gold/SGD,-2,3,0,1,100.000,0.050,0,20000,0.05,DISABLED,"[{'type': 'KID_ASSET_CLASS', 'name': 'METAL'}, {'type': 'ASSET_CLASS', 'name': 'COMMODITY'}]","{'longRate': '-0.0195', 'shortRate': '-0.0141', 'financingDaysOfWeek': [{'dayOfWeek': 'MONDAY', 'daysCharged': 1}, {'dayOfWeek': 'TUESDAY', 'daysCharged': 1}, {'dayOfWeek': 'WEDNESDAY', 'daysCharged': 1}, {'dayOfWeek': 'THURSDAY', 'daysCharged': 1}, {'dayOfWeek': 'FRIDAY', 'daysCharged': 1}, {'dayOfWeek': 'SATURDAY', 'daysCharged': 0}, {'dayOfWeek': 'SUNDAY', 'daysCharged': 0}]}",,,
53,USD_CZK,CURRENCY,USD/CZK,-4,5,0,1,1.00000,0.00050,0,100000000,0.05,DISABLED,"[{'type': 'ASSET_CLASS', 'name': 'CURRENCY'}]","{'longRate': '-0.0581', 'shortRate': '0.0125', 'financingDaysOfWeek': [{'dayOfWeek': 'MONDAY', 'daysCharged': 1}, {'dayOfWeek': 'TUESDAY', 'daysCharged': 1}, {'dayOfWeek': 'WEDNESDAY', 'daysCharged': 1}, {'dayOfWeek': 'THURSDAY', 'daysCharged': 1}, {'dayOfWeek': 'FRIDAY', 'daysCharged': 1}, {'dayOfWeek': 'SATURDAY', 'daysCharged': 0}, {'dayOfWeek': 'SUNDAY', 'daysCharged': 0}]}",,,
54,XAU_JPY,METAL,Gold/JPY,1,0,0,1,100000,50,0,20000,0.05,DISABLED,"[{'type': 'KID_ASSET_CLASS', 'name': 'METAL'}, {'type': 'ASSET_CLASS', 'name': 'COMMODITY'}]","{'longRate': '-0.01', 'shortRate': '-0.0136', 'financingDaysOfWeek': [{'dayOfWeek': 'MONDAY', 'daysCharged': 1}, {'dayOfWeek': 'TUESDAY', 'daysCharged': 1}, {'dayOfWeek': 'WEDNESDAY', 'daysCharged': 1}, {'dayOfWeek': 'THURSDAY', 'daysCharged': 1}, {'dayOfWeek': 'FRIDAY', 'daysCharged': 1}, {'dayOfWeek': 'SATURDAY', 'daysCharged': 0}, {'dayOfWeek': 'SUNDAY', 'daysCharged': 0}]}",,,
55,XAG_JPY,METAL,Silver/JPY,0,1,0,1,10000.0,5.0,0,500000,0.1,DISABLED,"[{'type': 'KID_ASSET_CLASS', 'name': 'METAL'}, {'type': 'ASSET_CLASS', 'name': 'COMMODITY'}]","{'longRate': '-0.0124', 'shortRate': '-0.0108', 'financingDaysOfWeek': [{'dayOfWeek': 'MONDAY', 'daysCharged': 1}, {'dayOfWeek': 'TUESDAY', 'daysCharged': 1}, {'dayOfWeek': 'WEDNESDAY', 'daysCharged': 1}, {'dayOfWeek': 'THURSDAY', 'daysCharged': 1}, {'dayOfWeek': 'FRIDAY', 'daysCharged': 1}, {'dayOfWeek': 'SATURDAY', 'daysCharged': 0}, {'dayOfWeek': 'SUNDAY', 'daysCharged': 0}]}",,,
56,USD_NOK,CURRENCY,USD/NOK,-4,5,0,1,1.00000,0.00050,0,100000000,0.05,ALLOWED,"[{'type': 'ASSET_CLASS', 'name': 'CURRENCY'}]","{'longRate': '-0.0166', 'shortRate': '-0.0068', 'financingDaysOfWeek': [{'dayOfWeek': 'MONDAY', 'daysCharged': 1}, {'dayOfWeek': 'TUESDAY', 'daysCharged': 1}, {'dayOfWeek': 'WEDNESDAY', 'daysCharged': 1}, {'dayOfWeek': 'THURSDAY', 'daysCharged': 1}, {'dayOfWeek': 'FRIDAY', 'daysCharged': 1}, {'dayOfWeek': 'SATURDAY', 'daysCharged': 0}, {'dayOfWeek': 'SUNDAY', 'daysCharged': 0}]}",0.1000,0.00400,"{'volume': '1000000', 'priceRange': '0.10000'}"
57,ZAR_JPY,CURRENCY,ZAR/JPY,-2,3,0,1,100.000,0.005,0,100000000,0.05,DISABLED,"[{'type': 'ASSET_CLASS', 'name': 'CURRENCY'}]","{'longRate': '0.0249', 'shortRate': '-0.0769', 'financingDaysOfWeek': [{'dayOfWeek': 'MONDAY', 'daysCharged': 1}, {'dayOfWeek': 'TUESDAY', 'daysCharged': 1}, {'dayOfWeek': 'WEDNESDAY', 'daysCharged': 1}, {'dayOfWeek': 'THURSDAY', 'daysCharged': 1}, {'dayOfWeek': 'FRIDAY', 'daysCharged': 1}, {'dayOfWeek': 'SATURDAY', 'daysCharged': 0}, {'dayOfWeek': 'SUNDAY', 'daysCharged': 0}]}",,,
58,TRY_JPY,CURRENCY,TRY/JPY,-2,3,0,1,100.000,0.050,0,100000000,0.1,DISABLED,"[{'type': 'ASSET_CLASS', 'name': 'CURRENCY'}]","{'longRate': '-0.0469', 'shortRate': '-0.3387', 'financingDaysOfWeek': [{'dayOfWeek': 'MONDAY', 'daysCharged': 1}, {'dayOfWeek': 'TUESDAY', 'daysCharged': 1}, {'dayOfWeek': 'WEDNESDAY', 'daysCharged': 1}, {'dayOfWeek': 'THURSDAY', 'daysCharged': 1}, {'dayOfWeek': 'FRIDAY', 'daysCharged': 1}, {'dayOfWeek': 'SATURDAY', 'daysCharged': 0}, {'dayOfWeek': 'SUNDAY', 'daysCharged': 0}]}",,,
59,USD_DKK,CURRENCY,USD/DKK,-4,5,0,1,1.00000,0.00050,0,100000000,0.05,DISABLED,"[{'type': 'ASSET_CLASS', 'name': 'CURRENCY'}]","{'longRate': '-0.0038', 'shortRate': '-0.0186', 'financingDaysOfWeek': [{'dayOfWeek': 'MONDAY', 'daysCharged': 1}, {'dayOfWeek': 'TUESDAY', 'daysCharged': 1}, {'dayOfWeek': 'WEDNESDAY', 'daysCharged': 1}, {'dayOfWeek': 'THURSDAY', 'daysCharged': 1}, {'dayOfWeek': 'FRIDAY', 'daysCharged': 1}, {'dayOfWeek': 'SATURDAY', 'daysCharged': 0}, {'dayOfWeek': 'SUNDAY', 'daysCharged': 0}]}",,,
60,EUR_PLN,CURRENCY,EUR/PLN,-4,5,0,1,1.00000,0.00050,0,100000000,0.05,DISABLED,"[{'type': 'ASSET_CLASS', 'name': 'CURRENCY'}]","{'longRate': '-0.0357', 'shortRate': '0.0102', 'financingDaysOfWeek': [{'dayOfWeek': 'MONDAY', 'daysCharged': 1}, {'dayOfWeek': 'TUESDAY', 'daysCharged': 1}, {'dayOfWeek': 'WEDNESDAY', 'daysCharged': 1}, {'dayOfWeek': 'THURSDAY', 'daysCharged': 1}, {'dayOfWeek': 'FRIDAY', 'daysCharged': 1}, {'dayOfWeek': 'SATURDAY', 'daysCharged': 0}, {'dayOfWeek': 'SUNDAY', 'daysCharged': 0}]}",,,
61,SUGAR_USD,CFD,Sugar,-4,5,0,1,1.00000,0.00050,0,20000000,0.1,DISABLED,"[{'type': 'ASSET_CLASS', 'name': 'COMMODITY'}]","{'longRate': '-0.107', 'shortRate': '0.057', 'financingDaysOfWeek': [{'dayOfWeek': 'MONDAY', 'daysCharged': 1}, {'dayOfWeek': 'TUESDAY', 'daysCharged': 1}, {'dayOfWeek': 'WEDNESDAY', 'daysCharged': 1}, {'dayOfWeek': 'THURSDAY', 'daysCharged': 1}, {'dayOfWeek': 'FRIDAY', 'daysCharged': 1}, {'dayOfWeek': 'SATURDAY', 'daysCharged': 1}, {'dayOfWeek': 'SUNDAY', 'daysCharged': 1}]}",,,
62,AUD_CAD,CURRENCY,AUD/CAD,-4,5,0,1,1.00000,0.00050,0,100000000,0.05,ALLOWED,"[{'type': 'ASSET_CLASS', 'name': 'CURRENCY'}]","{'longRate': '-0.0132', 'shortRate': '-0.0097', 'financingDaysOfWeek': [{'dayOfWeek': 'MONDAY', 'daysCharged': 1}, {'dayOfWeek': 'TUESDAY', 'daysCharged': 1}, {'dayOfWeek': 'WEDNESDAY', 'daysCharged': 1}, {'dayOfWeek': 'THURSDAY', 'daysCharged': 1}, {'dayOfWeek': 'FRIDAY', 'daysCharged': 1}, {'dayOfWeek': 'SATURDAY', 'daysCharged': 0}, {'dayOfWeek': 'SUNDAY', 'daysCharged': 0}]}",0.0045,0.00050,"{'volume': '1000000', 'priceRange': '0.00250'}"
63,USD_HKD,CURRENCY,USD/HKD,-4,5,0,1,1.00000,0.00050,0,100000000,0.1,DISABLED,"[{'type': 'ASSET_CLASS', 'name': 'CURRENCY'}]","{'longRate': '-0.0109', 'shortRate': '-0.0116', 'financingDaysOfWeek': [{'dayOfWeek': 'MONDAY', 'daysCharged': 1}, {'dayOfWeek': 'TUESDAY', 'daysCharged': 1}, {'dayOfWeek': 'WEDNESDAY', 'daysCharged': 1}, {'dayOfWeek': 'THURSDAY', 'daysCharged': 1}, {'dayOfWeek': 'FRIDAY', 'daysCharged': 1}, {'dayOfWeek': 'SATURDAY', 'daysCharged': 0}, {'dayOfWeek': 'SUNDAY', 'daysCharged': 0}]}",,,
64,CAD_SGD,CURRENCY,CAD/SGD,-4,5,0,1,1.00000,0.00050,0,100000000,0.05,ALLOWED,"[{'type': 'ASSET_CLASS', 'name': 'CURRENCY'}]","{'longRate': '-0.0209', 'shortRate': '-0.0178', 'financingDaysOfWeek': [{'dayOfWeek': 'MONDAY', 'daysCharged': 1}, {'dayOfWeek': 'TUESDAY', 'daysCharged': 1}, {'dayOfWeek': 'WEDNESDAY', 'daysCharged': 1}, {'dayOfWeek': 'THURSDAY', 'daysCharged': 1}, {'dayOfWeek': 'FRIDAY', 'daysCharged': 1}, {'dayOfWeek': 'SATURDAY', 'daysCharged': 0}, {'dayOfWeek': 'SUNDAY', 'daysCharged': 0}]}",0.0075,0.00030,"{'volume': '1000000', 'priceRange': '0.01000'}"
65,US2000_USD,CFD,US Russ 2000,-2,3,1,0.1,100.000,0.050,0,5000,0.1,ALLOWED,"[{'type': 'ASSET_CLASS', 'name': 'INDEX'}]","{'longRate': '-0.0255', 'shortRate': '-0.0245', 'financingDaysOfWeek': [{'dayOfWeek': 'MONDAY', 'daysCharged': 1}, {'dayOfWeek': 'TUESDAY', 'daysCharged': 1}, {'dayOfWeek': 'WEDNESDAY', 'daysCharged': 1}, {'dayOfWeek': 'THURSDAY', 'daysCharged': 1}, {'dayOfWeek': 'FRIDAY', 'daysCharged': 3}, {'dayOfWeek': 'SATURDAY', 'daysCharged': 0}, {'dayOfWeek': 'SUNDAY', 'daysCharged': 0}]}",23.20,0.500,"{'volume': '500', 'priceRange': '25.000'}"
66,DE10YB_EUR,CFD,Bund,-2,3,0,1,100.000,0.050,0,150000,0.2,DISABLED,"[{'type': 'ASSET_CLASS', 'name': 'BOND'}]","{'longRate': '-0.064', 'shortRate': '0.014', 'financingDaysOfWeek': [{'dayOfWeek': 'MONDAY', 'daysCharged': 1}, {'dayOfWeek': 'TUESDAY', 'daysCharged': 1}, {'dayOfWeek': 'WEDNESDAY', 'daysCharged': 1}, {'dayOfWeek': 'THURSDAY', 'daysCharged': 1}, {'dayOfWeek': 'FRIDAY', 'daysCharged': 1}, {'dayOfWeek': 'SATURDAY', 'daysCharged': 1}, {'dayOfWeek': 'SUNDAY', 'daysCharged': 1}]}",,,
67,USB02Y_USD,CFD,US 2Y T-Note,-2,3,0,1,100.000,0.050,0,200000,0.2,DISABLED,"[{'type': 'ASSET_CLASS', 'name': 'BOND'}]","{'longRate': '-0.015', 'shortRate': '-0.035', 'financingDaysOfWeek': [{'dayOfWeek': 'MONDAY', 'daysCharged': 1}, {'dayOfWeek': 'TUESDAY', 'daysCharged': 1}, {'dayOfWeek': 'WEDNESDAY', 'daysCharged': 1}, {'dayOfWeek': 'THURSDAY', 'daysCharged': 1}, {'dayOfWeek': 'FRIDAY', 'daysCharged': 1}, {'dayOfWeek': 'SATURDAY', 'daysCharged': 1}, {'dayOfWeek': 'SUNDAY', 'daysCharged': 1}]}",,,
68,USB05Y_USD,CFD,US 5Y T-Note,-2,3,0,1,100.000,0.050,0,200000,0.2,DISABLED,"[{'type': 'ASSET_CLASS', 'name': 'BOND'}]","{'longRate': '-0.007', 'shortRate': '-0.043', 'financingDaysOfWeek': [{'dayOfWeek': 'MONDAY', 'daysCharged': 1}, {'dayOfWeek': 'TUESDAY', 'daysCharged': 1}, {'dayOfWeek': 'WEDNESDAY', 'daysCharged': 1}, {'dayOfWeek': 'THURSDAY', 'daysCharged': 1}, {'dayOfWeek': 'FRIDAY', 'daysCharged': 1}, {'dayOfWeek': 'SATURDAY', 'daysCharged': 1}, {'dayOfWeek': 'SUNDAY', 'daysCharged': 1}]}",,,
69,USB10Y_USD,CFD,US 10Y T-Note,-2,3,0,1,100.000,0.050,0,200000,0.2,DISABLED,"[{'type': 'ASSET_CLASS', 'name': 'BOND'}]","{'longRate': '-0.002', 'shortRate': '-0.048', 'financingDaysOfWeek': [{'dayOfWeek': 'MONDAY', 'daysCharged': 1}, {'dayOfWeek': 'TUESDAY', 'daysCharged': 1}, {'dayOfWeek': 'WEDNESDAY', 'daysCharged': 1}, {'dayOfWeek': 'THURSDAY', 'daysCharged': 1}, {'dayOfWeek': 'FRIDAY', 'daysCharged': 1}, {'dayOfWeek': 'SATURDAY', 'daysCharged': 1}, {'dayOfWeek': 'SUNDAY', 'daysCharged': 1}]}",,,
70,GBP_NZD,CURRENCY,GBP/NZD,-4,5,0,1,1.00000,0.00050,0,100000000,0.05,ALLOWED,"[{'type': 'ASSET_CLASS', 'name': 'CURRENCY'}]","{'longRate': '0', 'shortRate': '0', 'financingDaysOfWeek': [{'dayOfWeek': 'MONDAY', 'daysCharged': 1}, {'dayOfWeek': 'TUESDAY', 'daysCharged': 1}, {'dayOfWeek': 'WEDNESDAY', 'daysCharged': 1}, {'dayOfWeek': 'THURSDAY', 'daysCharged': 1}, {'dayOfWeek': 'FRIDAY', 'daysCharged': 1}, {'dayOfWeek': 'SATURDAY', 'daysCharged': 0}, {'dayOfWeek': 'SUNDAY', 'daysCharged': 0}]}",0.0060,0.00050,"{'volume': '1000000', 'priceRange': '0.00500'}"
71,XAU_NZD,METAL,Gold/NZD,-2,3,0,1,100.000,0.050,0,20000,0.05,DISABLED,"[{'type': 'KID_ASSET_CLASS', 'name': 'METAL'}, {'type': 'ASSET_CLASS', 'name': 'COMMODITY'}]","{'longRate': '-0.0122', 'shortRate': '-0.0106', 'financingDaysOfWeek': [{'dayOfWeek': 'MONDAY', 'daysCharged': 1}, {'dayOfWeek': 'TUESDAY', 'daysCharged': 1}, {'dayOfWeek': 'WEDNESDAY', 'daysCharged': 1}, {'dayOfWeek': 'THURSDAY', 'daysCharged': 1}, {'dayOfWeek': 'FRIDAY', 'daysCharged': 1}, {'dayOfWeek': 'SATURDAY', 'daysCharged': 0}, {'dayOfWeek': 'SUNDAY', 'daysCharged': 0}]}",,,
72,ETH_USD,CFD,Ether,-1,2,2,0.01,1000.00,0.50,0,10000,0.5,DISABLED,"[{'type': 'ASSET_CLASS', 'name': 'CRYPTO'}]","{'longRate': '-0.2505', 'shortRate': '-0.2495', 'financingDaysOfWeek': [{'dayOfWeek': 'MONDAY', 'daysCharged': 1}, {'dayOfWeek': 'TUESDAY', 'daysCharged': 1}, {'dayOfWeek': 'WEDNESDAY', 'daysCharged': 1}, {'dayOfWeek': 'THURSDAY', 'daysCharged': 1}, {'dayOfWeek': 'FRIDAY', 'daysCharged': 3}, {'dayOfWeek': 'SATURDAY', 'daysCharged': 0}, {'dayOfWeek': 'SUNDAY', 'daysCharged': 0}]}",,,
73,NZD_USD,CURRENCY,NZD/USD,-4,5,0,1,1.00000,0.00050,0,100000000,0.05,ALLOWED,"[{'type': 'ASSET_CLASS', 'name': 'CURRENCY'}]","{'longRate': '0', 'shortRate': '0', 'financingDaysOfWeek': [{'dayOfWeek': 'MONDAY', 'daysCharged': 1}, {'dayOfWeek': 'TUESDAY', 'daysCharged': 1}, {'dayOfWeek': 'WEDNESDAY', 'daysCharged': 1}, {'dayOfWeek': 'THURSDAY', 'daysCharged': 1}, {'dayOfWeek': 'FRIDAY', 'daysCharged': 1}, {'dayOfWeek': 'SATURDAY', 'daysCharged': 0}, {'dayOfWeek': 'SUNDAY', 'daysCharged': 0}]}",0.0030,0.00010,"{'volume': '1000000', 'priceRange': '0.00250'}"
74,XAG_GBP,METAL,Silver/GBP,-4,5,0,1,1.00000,0.00050,0,500000,0.1,DISABLED,"[{'type': 'KID_ASSET_CLASS', 'name': 'METAL'}, {'type': 'ASSET_CLASS', 'name': 'COMMODITY'}]","{'longRate': '-0.0162', 'shortRate': '-0.0081', 'financingDaysOfWeek': [{'dayOfWeek': 'MONDAY', 'daysCharged': 1}, {'dayOfWeek': 'TUESDAY', 'daysCharged': 1}, {'dayOfWeek': 'WEDNESDAY', 'daysCharged': 1}, {'dayOfWeek': 'THURSDAY', 'daysCharged': 1}, {'dayOfWeek': 'FRIDAY', 'daysCharged': 1}, {'dayOfWeek': 'SATURDAY', 'daysCharged': 0}, {'dayOfWeek': 'SUNDAY', 'daysCharged': 0}]}",,,
75,XAG_EUR,METAL,Silver/EUR,-4,5,0,1,1.00000,0.00050,0,500000,0.1,DISABLED,"[{'type': 'KID_ASSET_CLASS', 'name': 'METAL'}, {'type': 'ASSET_CLASS', 'name': 'COMMODITY'}]","{'longRate': '-0.0081', 'shortRate': '-0.0146', 'financingDaysOfWeek': [{'dayOfWeek': 'MONDAY', 'daysCharged': 1}, {'dayOfWeek': 'TUESDAY', 'daysCharged': 1}, {'dayOfWeek': 'WEDNESDAY', 'daysCharged': 1}, {'dayOfWeek': 'THURSDAY', 'daysCharged': 1}, {'dayOfWeek': 'FRIDAY', 'daysCharged': 1}, {'dayOfWeek': 'SATURDAY', 'daysCharged': 0}, {'dayOfWeek': 'SUNDAY', 'daysCharged': 0}]}",,,
76,CORN_USD,CFD,Corn,-2,3,0,1,100.000,0.050,0,1500000,0.1,DISABLED,"[{'type': 'ASSET_CLASS', 'name': 'COMMODITY'}]","{'longRate': '-0.025', 'shortRate': '-0.025', 'financingDaysOfWeek': [{'dayOfWeek': 'MONDAY', 'daysCharged': 1}, {'dayOfWeek': 'TUESDAY', 'daysCharged': 1}, {'dayOfWeek': 'WEDNESDAY', 'daysCharged': 1}, {'dayOfWeek': 'THURSDAY', 'daysCharged': 1}, {'dayOfWeek': 'FRIDAY', 'daysCharged': 1}, {'dayOfWeek': 'SATURDAY', 'daysCharged': 1}, {'dayOfWeek': 'SUNDAY', 'daysCharged': 1}]}",,,
77,XAG_USD,METAL,Silver,-4,5,0,1,1.00000,0.00050,0,500000,0.1,ALLOWED,"[{'type': 'KID_ASSET_CLASS', 'name': 'METAL'}, {'type': 'ASSET_CLASS', 'name': 'COMMODITY'}]","{'longRate': '-0.0147', 'shortRate': '-0.0077', 'financingDaysOfWeek': [{'dayOfWeek': 'MONDAY', 'daysCharged': 1}, {'dayOfWeek': 'TUESDAY', 'daysCharged': 1}, {'dayOfWeek': 'WEDNESDAY', 'daysCharged': 1}, {'dayOfWeek': 'THURSDAY', 'daysCharged': 1}, {'dayOfWeek': 'FRIDAY', 'daysCharged': 1}, {'dayOfWeek': 'SATURDAY', 'daysCharged': 0}, {'dayOfWeek': 'SUNDAY', 'daysCharged': 0}]}",0.2400,0.03000,"{'volume': '25000', 'priceRange': '0.25000'}"
78,AUD_NZD,CURRENCY,AUD/NZD,-4,5,0,1,1.00000,0.00050,0,100000000,0.05,ALLOWED,"[{'type': 'ASSET_CLASS', 'name': 'CURRENCY'}]","{'longRate': '0', 'shortRate': '0', 'financingDaysOfWeek': [{'dayOfWeek': 'MONDAY', 'daysCharged': 1}, {'dayOfWeek': 'TUESDAY', 'daysCharged': 1}, {'dayOfWeek': 'WEDNESDAY', 'daysCharged': 1}, {'dayOfWeek': 'THURSDAY', 'daysCharged': 1}, {'dayOfWeek': 'FRIDAY', 'daysCharged': 1}, {'dayOfWeek': 'SATURDAY', 'daysCharged': 0}, {'dayOfWeek': 'SUNDAY', 'daysCharged': 0}]}",0.0030,0.00100,"{'volume': '1000000', 'priceRange': '0.00250'}"
79,UK100_GBP,CFD,UK 100,0,1,1,0.1,10000.0,5.0,0,500,0.05,ALLOWED,"[{'type': 'ASSET_CLASS', 'name': 'INDEX'}]","{'longRate': '-0.027', 'shortRate': '-0.023', 'financingDaysOfWeek': [{'dayOfWeek': 'MONDAY', 'daysCharged': 1}, {'dayOfWeek': 'TUESDAY', 'daysCharged': 1}, {'dayOfWeek': 'WEDNESDAY', 'daysCharged': 1}, {'dayOfWeek': 'THURSDAY', 'daysCharged': 1}, {'dayOfWeek': 'FRIDAY', 'daysCharged': 3}, {'dayOfWeek': 'SATURDAY', 'daysCharged': 0}, {'dayOfWeek': 'SUNDAY', 'daysCharged': 0}]}",71,2.0,"{'volume': '250', 'priceRange': '25.0'}"
80,CHF_HKD,CURRENCY,CHF/HKD,-4,5,0,1,1.00000,0.00050,0,100000000,0.1,DISABLED,"[{'type': 'ASSET_CLASS', 'name': 'CURRENCY'}]","{'longRate': '-0.0205', 'shortRate': '-0.0032', 'financingDaysOfWeek': [{'dayOfWeek': 'MONDAY', 'daysCharged': 1}, {'dayOfWeek': 'TUESDAY', 'daysCharged': 1}, {'dayOfWeek': 'WEDNESDAY', 'daysCharged': 1}, {'dayOfWeek': 'THURSDAY', 'daysCharged': 1}, {'dayOfWeek': 'FRIDAY', 'daysCharged': 1}, {'dayOfWeek': 'SATURDAY', 'daysCharged': 0}, {'dayOfWeek': 'SUNDAY', 'daysCharged': 0}]}",,,
81,NZD_HKD,CURRENCY,NZD/HKD,-4,5,0,1,1.00000,0.00050,0,100000000,0.1,DISABLED,"[{'type': 'ASSET_CLASS', 'name': 'CURRENCY'}]","{'longRate': '0', 'shortRate': '0', 'financingDaysOfWeek': [{'dayOfWeek': 'MONDAY', 'daysCharged': 1}, {'dayOfWeek': 'TUESDAY', 'daysCharged': 1}, {'dayOfWeek': 'WEDNESDAY', 'daysCharged': 1}, {'dayOfWeek': 'THURSDAY', 'daysCharged': 1}, {'dayOfWeek': 'FRIDAY', 'daysCharged': 1}, {'dayOfWeek': 'SATURDAY', 'daysCharged': 0}, {'dayOfWeek': 'SUNDAY', 'daysCharged': 0}]}",,,
82,USD_CNH,CURRENCY,USD/CNH,-4,5,0,1,1.00000,0.00050,0,100000000,0.05,DISABLED,"[{'type': 'ASSET_CLASS', 'name': 'CURRENCY'}]","{'longRate': '-0.033', 'shortRate': '-0.00080', 'financingDaysOfWeek': [{'dayOfWeek': 'MONDAY', 'daysCharged': 1}, {'dayOfWeek': 'TUESDAY', 'daysCharged': 1}, {'dayOfWeek': 'WEDNESDAY', 'daysCharged': 1}, {'dayOfWeek': 'THURSDAY', 'daysCharged': 1}, {'dayOfWeek': 'FRIDAY', 'daysCharged': 1}, {'dayOfWeek': 'SATURDAY', 'daysCharged': 0}, {'dayOfWeek': 'SUNDAY', 'daysCharged': 0}]}",,,
83,XAU_GBP,METAL,Gold/GBP,-2,3,0,1,100.000,0.050,0,20000,0.05,DISABLED,"[{'type': 'KID_ASSET_CLASS', 'name': 'METAL'}, {'type': 'ASSET_CLASS', 'name': 'COMMODITY'}]","{'longRate': '-0.0138', 'shortRate': '-0.0109', 'financingDaysOfWeek': [{'dayOfWeek': 'MONDAY', 'daysCharged': 1}, {'dayOfWeek': 'TUESDAY', 'daysCharged': 1}, {'dayOfWeek': 'WEDNESDAY', 'daysCharged': 1}, {'dayOfWeek': 'THURSDAY', 'daysCharged': 1}, {'dayOfWeek': 'FRIDAY', 'daysCharged': 1}, {'dayOfWeek': 'SATURDAY', 'daysCharged': 0}, {'dayOfWeek': 'SUNDAY', 'daysCharged': 0}]}",,,
84,SPX500_USD,CFD,US SPX 500,0,1,1,0.1,10000.0,5.0,0,10000,0.05,ALLOWED,"[{'type': 'ASSET_CLASS', 'name': 'INDEX'}]","{'longRate': '-0.0255', 'shortRate': '-0.0245', 'financingDaysOfWeek': [{'dayOfWeek': 'MONDAY', 'daysCharged': 1}, {'dayOfWeek': 'TUESDAY', 'daysCharged': 1}, {'dayOfWeek': 'WEDNESDAY', 'daysCharged': 1}, {'dayOfWeek': 'THURSDAY', 'daysCharged': 1}, {'dayOfWeek': 'FRIDAY', 'daysCharged': 3}, {'dayOfWeek': 'SATURDAY', 'daysCharged': 0}, {'dayOfWeek': 'SUNDAY', 'daysCharged': 0}]}",43,0.3,"{'volume': '500', 'priceRange': '4.0'}"
85,NZD_SGD,CURRENCY,NZD/SGD,-4,5,0,1,1.00000,0.00050,0,100000000,0.05,ALLOWED,"[{'type': 'ASSET_CLASS', 'name': 'CURRENCY'}]","{'longRate': '0', 'shortRate': '0', 'financingDaysOfWeek': [{'dayOfWeek': 'MONDAY', 'daysCharged': 1}, {'dayOfWeek': 'TUESDAY', 'daysCharged': 1}, {'dayOfWeek': 'WEDNESDAY', 'daysCharged': 1}, {'dayOfWeek': 'THURSDAY', 'daysCharged': 1}, {'dayOfWeek': 'FRIDAY', 'daysCharged': 1}, {'dayOfWeek': 'SATURDAY', 'daysCharged': 0}, {'dayOfWeek': 'SUNDAY', 'daysCharged': 0}]}",0.0030,0.00030,"{'volume': '1000000', 'priceRange': '0.01000'}"
86,JP225Y_JPY,CFD,Japan 225 (JPY),0,1,0,1,10000.0,5.0,0,100000,0.05,DISABLED,"[{'type': 'ASSET_CLASS', 'name': 'INDEX'}]","{'longRate': '-0.0247', 'shortRate': '-0.0253', 'financingDaysOfWeek': [{'dayOfWeek': 'MONDAY', 'daysCharged': 1}, {'dayOfWeek': 'TUESDAY', 'daysCharged': 1}, {'dayOfWeek': 'WEDNESDAY', 'daysCharged': 1}, {'dayOfWeek': 'THURSDAY', 'daysCharged': 1}, {'dayOfWeek': 'FRIDAY', 'daysCharged': 3}, {'dayOfWeek': 'SATURDAY', 'daysCharged': 0}, {'dayOfWeek': 'SUNDAY', 'daysCharged': 0}]}",,,
87,BCH_USD,CFD,Bitcoin Cash,-1,2,2,0.01,1000.00,0.50,0,5000,0.5,DISABLED,"[{'type': 'ASSET_CLASS', 'name': 'CRYPTO'}]","{'longRate': '-0.2505', 'shortRate': '-0.2495', 'financingDaysOfWeek': [{'dayOfWeek': 'MONDAY', 'daysCharged': 1}, {'dayOfWeek': 'TUESDAY', 'daysCharged': 1}, {'dayOfWeek': 'WEDNESDAY', 'daysCharged': 1}, {'dayOfWeek': 'THURSDAY', 'daysCharged': 1}, {'dayOfWeek': 'FRIDAY', 'daysCharged': 3}, {'dayOfWeek': 'SATURDAY', 'daysCharged': 0}, {'dayOfWeek': 'SUNDAY', 'daysCharged': 0}]}",,,
88,USD_SGD,CURRENCY,USD/SGD,-4,5,0,1,1.00000,0.00050,0,100000000,0.05,ALLOWED,"[{'type': 'ASSET_CLASS', 'name': 'CURRENCY'}]","{'longRate': '-0.0173', 'shortRate': '-0.0135', 'financingDaysOfWeek': [{'dayOfWeek': 'MONDAY', 'daysCharged': 1}, {'dayOfWeek': 'TUESDAY', 'daysCharged': 1}, {'dayOfWeek': 'WEDNESDAY', 'daysCharged': 1}, {'dayOfWeek': 'THURSDAY', 'daysCharged': 1}, {'dayOfWeek': 'FRIDAY', 'daysCharged': 1}, {'dayOfWeek': 'SATURDAY', 'daysCharged': 0}, {'dayOfWeek': 'SUNDAY', 'daysCharged': 0}]}",0.0075,0.00020,"{'volume': '1000000', 'priceRange': '0.01000'}"
89,EUR_SEK,CURRENCY,EUR/SEK,-4,5,0,1,1.00000,0.00050,0,100000000,0.05,ALLOWED,"[{'type': 'ASSET_CLASS', 'name': 'CURRENCY'}]","{'longRate': '-0.0144', 'shortRate': '-0.0066', 'financingDaysOfWeek': [{'dayOfWeek': 'MONDAY', 'daysCharged': 1}, {'dayOfWeek': 'TUESDAY', 'daysCharged': 1}, {'dayOfWeek': 'WEDNESDAY', 'daysCharged': 1}, {'dayOfWeek': 'THURSDAY', 'daysCharged': 1}, {'dayOfWeek': 'FRIDAY', 'daysCharged': 1}, {'dayOfWeek': 'SATURDAY', 'daysCharged': 0}, {'dayOfWeek': 'SUNDAY', 'daysCharged': 0}]}",0.0600,0.00500,"{'volume': '1000000', 'priceRange': '0.05000'}"
90,ESPIX_EUR,CFD,Spain 35,0,1,1,0.1,10000.0,5.0,0,500,0.1,DISABLED,"[{'type': 'ASSET_CLASS', 'name': 'INDEX'}]","{'longRate': '-0.0192', 'shortRate': '-0.0308', 'financingDaysOfWeek': [{'dayOfWeek': 'MONDAY', 'daysCharged': 1}, {'dayOfWeek': 'TUESDAY', 'daysCharged': 1}, {'dayOfWeek': 'WEDNESDAY', 'daysCharged': 1}, {'dayOfWeek': 'THURSDAY', 'daysCharged': 1}, {'dayOfWeek': 'FRIDAY', 'daysCharged': 3}, {'dayOfWeek': 'SATURDAY', 'daysCharged': 0}, {'dayOfWeek': 'SUNDAY', 'daysCharged': 0}]}",,,
91,NZD_CHF,CURRENCY,NZD/CHF,-4,5,0,1,1.00000,0.00050,0,100000000,0.05,DISABLED,"[{'type': 'ASSET_CLASS', 'name': 'CURRENCY'}]","{'longRate': '0', 'shortRate': '0', 'financingDaysOfWeek': [{'dayOfWeek': 'MONDAY', 'daysCharged': 1}, {'dayOfWeek': 'TUESDAY', 'daysCharged': 1}, {'dayOfWeek': 'WEDNESDAY', 'daysCharged': 1}, {'dayOfWeek': 'THURSDAY', 'daysCharged': 1}, {'dayOfWeek': 'FRIDAY', 'daysCharged': 1}, {'dayOfWeek': 'SATURDAY', 'daysCharged': 0}, {'dayOfWeek': 'SUNDAY', 'daysCharged': 0}]}",,,
92,XAU_XAG,METAL,Gold/Silver,-2,3,0,1,100.000,0.050,0,10000,0.1,DISABLED,"[{'type': 'KID_ASSET_CLASS', 'name': 'METAL'}, {'type': 'ASSET_CLASS', 'name': 'COMMODITY'}]","{'longRate': '-0.0099', 'shortRate': '-0.0152', 'financingDaysOfWeek': [{'dayOfWeek': 'MONDAY', 'daysCharged': 1}, {'dayOfWeek': 'TUESDAY', 'daysCharged': 1}, {'dayOfWeek': 'WEDNESDAY', 'daysCharged': 1}, {'dayOfWeek': 'THURSDAY', 'daysCharged': 1}, {'dayOfWeek': 'FRIDAY', 'daysCharged': 1}, {'dayOfWeek': 'SATURDAY', 'daysCharged': 0}, {'dayOfWeek': 'SUNDAY', 'daysCharged': 0}]}",,,
93,HKD_JPY,CURRENCY,HKD/JPY,-4,5,0,1,1.00000,0.00050,0,100000000,0.1,DISABLED,"[{'type': 'ASSET_CLASS', 'name': 'CURRENCY'}]","{'longRate': '-0.0125', 'shortRate': '-0.015', 'financingDaysOfWeek': [{'dayOfWeek': 'MONDAY', 'daysCharged': 1}, {'dayOfWeek': 'TUESDAY', 'daysCharged': 1}, {'dayOfWeek': 'WEDNESDAY', 'daysCharged': 1}, {'dayOfWeek': 'THURSDAY', 'daysCharged': 1}, {'dayOfWeek': 'FRIDAY', 'daysCharged': 1}, {'dayOfWeek': 'SATURDAY', 'daysCharged': 0}, {'dayOfWeek': 'SUNDAY', 'daysCharged': 0}]}",,,
94,XAG_CHF,METAL,Silver/CHF,-4,5,0,1,1.00000,0.00050,0,500000,0.1,DISABLED,"[{'type': 'KID_ASSET_CLASS', 'name': 'METAL'}, {'type': 'ASSET_CLASS', 'name': 'COMMODITY'}]","{'longRate': '-0.0061', 'shortRate': '-0.017', 'financingDaysOfWeek': [{'dayOfWeek': 'MONDAY', 'daysCharged': 1}, {'dayOfWeek': 'TUESDAY', 'daysCharged': 1}, {'dayOfWeek': 'WEDNESDAY', 'daysCharged': 1}, {'dayOfWeek': 'THURSDAY', 'daysCharged': 1}, {'dayOfWeek': 'FRIDAY', 'daysCharged': 1}, {'dayOfWeek': 'SATURDAY', 'daysCharged': 0}, {'dayOfWeek': 'SUNDAY', 'daysCharged': 0}]}",,,
95,AUD_CHF,CURRENCY,AUD/CHF,-4,5,0,1,1.00000,0.00050,0,100000000,0.05,DISABLED,"[{'type': 'ASSET_CLASS', 'name': 'CURRENCY'}]","{'longRate': '-0.0033', 'shortRate': '-0.0182', 'financingDaysOfWeek': [{'dayOfWeek': 'MONDAY', 'daysCharged': 1}, {'dayOfWeek': 'TUESDAY', 'daysCharged': 1}, {'dayOfWeek': 'WEDNESDAY', 'daysCharged': 1}, {'dayOfWeek': 'THURSDAY', 'daysCharged': 1}, {'dayOfWeek': 'FRIDAY', 'daysCharged': 1}, {'dayOfWeek': 'SATURDAY', 'daysCharged': 0}, {'dayOfWeek': 'SUNDAY', 'daysCharged': 0}]}",,,
96,CHF_JPY,CURRENCY,CHF/JPY,-2,3,0,1,100.000,0.050,0,100000000,0.04,DISABLED,"[{'type': 'ASSET_CLASS', 'name': 'CURRENCY'}]","{'longRate': '-0.0169', 'shortRate': '-0.0044', 'financingDaysOfWeek': [{'dayOfWeek': 'MONDAY', 'daysCharged': 1}, {'dayOfWeek': 'TUESDAY', 'daysCharged': 1}, {'dayOfWeek': 'WEDNESDAY', 'daysCharged': 1}, {'dayOfWeek': 'THURSDAY', 'daysCharged': 1}, {'dayOfWeek': 'FRIDAY', 'daysCharged': 1}, {'dayOfWeek': 'SATURDAY', 'daysCharged': 0}, {'dayOfWeek': 'SUNDAY', 'daysCharged': 0}]}",,,
97,NAS100_USD,CFD,US Nas 100,0,1,1,0.1,10000.0,5.0,0,2000,0.05,ALLOWED,"[{'type': 'ASSET_CLASS', 'name': 'INDEX'}]","{'longRate': '-0.0255', 'shortRate': '-0.0245', 'financingDaysOfWeek': [{'dayOfWeek': 'MONDAY', 'daysCharged': 1}, {'dayOfWeek': 'TUESDAY', 'daysCharged': 1}, {'dayOfWeek': 'WEDNESDAY', 'daysCharged': 1}, {'dayOfWeek': 'THURSDAY', 'daysCharged': 1}, {'dayOfWeek': 'FRIDAY', 'daysCharged': 3}, {'dayOfWeek': 'SATURDAY', 'daysCharged': 0}, {'dayOfWeek': 'SUNDAY', 'daysCharged': 0}]}",145,2.0,"{'volume': '200', 'priceRange': '25.0'}"
98,AUD_JPY,CURRENCY,AUD/JPY,-2,3,0,1,100.000,0.050,0,100000000,0.05,ALLOWED,"[{'type': 'ASSET_CLASS', 'name': 'CURRENCY'}]","{'longRate': '-0.0095', 'shortRate': '-0.0118', 'financingDaysOfWeek': [{'dayOfWeek': 'MONDAY', 'daysCharged': 1}, {'dayOfWeek': 'TUESDAY', 'daysCharged': 1}, {'dayOfWeek': 'WEDNESDAY', 'daysCharged': 1}, {'dayOfWeek': 'THURSDAY', 'daysCharged': 1}, {'dayOfWeek': 'FRIDAY', 'daysCharged': 1}, {'dayOfWeek': 'SATURDAY', 'daysCharged': 0}, {'dayOfWeek': 'SUNDAY', 'daysCharged': 0}]}",0.15,0.100,"{'volume': '1000000', 'priceRange': '0.250'}"
99,EUR_ZAR,CURRENCY,EUR/ZAR,-4,5,0,1,1.00000,0.00050,0,100000000,0.05,DISABLED,"[{'type': 'ASSET_CLASS', 'name': 'CURRENCY'}]","{'longRate': '-0.0807', 'shortRate': '0.0292', 'financingDaysOfWeek': [{'dayOfWeek': 'MONDAY', 'daysCharged': 1}, {'dayOfWeek': 'TUESDAY', 'daysCharged': 1}, {'dayOfWeek': 'WEDNESDAY', 'daysCharged': 1}, {'dayOfWeek': 'THURSDAY', 'daysCharged': 1}, {'dayOfWeek': 'FRIDAY', 'daysCharged': 1}, {'dayOfWeek': 'SATURDAY', 'daysCharged': 0}, {'dayOfWeek': 'SUNDAY', 'daysCharged': 0}]}",,,
100,XAU_CAD,METAL,Gold/CAD,-2,3,0,1,100.000,0.050,0,20000,0.05,DISABLED,"[{'type': 'KID_ASSET_CLASS', 'name': 'METAL'}, {'type': 'ASSET_CLASS', 'name': 'COMMODITY'}]","{'longRate': '-0.0128', 'shortRate': '-0.0107', 'financingDaysOfWeek': [{'dayOfWeek': 'MONDAY', 'daysCharged': 1}, {'dayOfWeek': 'TUESDAY', 'daysCharged': 1}, {'dayOfWeek': 'WEDNESDAY', 'daysCharged': 1}, {'dayOfWeek': 'THURSDAY', 'daysCharged': 1}, {'dayOfWeek': 'FRIDAY', 'daysCharged': 1}, {'dayOfWeek': 'SATURDAY', 'daysCharged': 0}, {'dayOfWeek': 'SUNDAY', 'daysCharged': 0}]}",,,
101,EUR_AUD,CURRENCY,EUR/AUD,-4,5,0,1,1.00000,0.00050,0,100000000,0.05,ALLOWED,"[{'type': 'ASSET_CLASS', 'name': 'CURRENCY'}]","{'longRate': '-0.0159', 'shortRate': '-0.0051', 'financingDaysOfWeek': [{'dayOfWeek': 'MONDAY', 'daysCharged': 1}, {'dayOfWeek': 'TUESDAY', 'daysCharged': 1}, {'dayOfWeek': 'WEDNESDAY', 'daysCharged': 1}, {'dayOfWeek': 'THURSDAY', 'daysCharged': 1}, {'dayOfWeek': 'FRIDAY', 'daysCharged': 1}, {'dayOfWeek': 'SATURDAY', 'daysCharged': 0}, {'dayOfWeek': 'SUNDAY', 'daysCharged': 0}]}",0.0030,0.00100,"{'volume': '1000000', 'priceRange': '0.00250'}"
102,NZD_JPY,CURRENCY,NZD/JPY,-2,3,0,1,100.000,0.050,0,100000000,0.05,ALLOWED,"[{'type': 'ASSET_CLASS', 'name': 'CURRENCY'}]","{'longRate': '0', 'shortRate': '0', 'financingDaysOfWeek': [{'dayOfWeek': 'MONDAY', 'daysCharged': 1}, {'dayOfWeek': 'TUESDAY', 'daysCharged': 1}, {'dayOfWeek': 'WEDNESDAY', 'daysCharged': 1}, {'dayOfWeek': 'THURSDAY', 'daysCharged': 1}, {'dayOfWeek': 'FRIDAY', 'daysCharged': 1}, {'dayOfWeek': 'SATURDAY', 'daysCharged': 0}, {'dayOfWeek': 'SUNDAY', 'daysCharged': 0}]}",0.30,0.020,"{'volume': '1000000', 'priceRange': '0.250'}"
103,XAG_HKD,METAL,Silver/HKD,-4,5,0,1,1.00000,0.00050,0,500000,0.1,DISABLED,"[{'type': 'KID_ASSET_CLASS', 'name': 'METAL'}, {'type': 'ASSET_CLASS', 'name': 'COMMODITY'}]","{'longRate': '-0.0156', 'shortRate': '-0.0094', 'financingDaysOfWeek': [{'dayOfWeek': 'MONDAY', 'daysCharged': 1}, {'dayOfWeek': 'TUESDAY', 'daysCharged': 1}, {'dayOfWeek': 'WEDNESDAY', 'daysCharged': 1}, {'dayOfWeek': 'THURSDAY', 'daysCharged': 1}, {'dayOfWeek': 'FRIDAY', 'daysCharged': 1}, {'dayOfWeek': 'SATURDAY', 'daysCharged': 0}, {'dayOfWeek': 'SUNDAY', 'daysCharged': 0}]}",,,
104,WHEAT_USD,CFD,Wheat,-2,3,0,1,100.000,0.050,0,1000000,0.1,DISABLED,"[{'type': 'ASSET_CLASS', 'name': 'COMMODITY'}]","{'longRate': '-0.08', 'shortRate': '0.03', 'financingDaysOfWeek': [{'dayOfWeek': 'MONDAY', 'daysCharged': 1}, {'dayOfWeek': 'TUESDAY', 'daysCharged': 1}, {'dayOfWeek': 'WEDNESDAY', 'daysCharged': 1}, {'dayOfWeek': 'THURSDAY', 'daysCharged': 1}, {'dayOfWeek': 'FRIDAY', 'daysCharged': 1}, {'dayOfWeek': 'SATURDAY', 'daysCharged': 1}, {'dayOfWeek': 'SUNDAY', 'daysCharged': 1}]}",,,
105,XAU_AUD,METAL,Gold/AUD,-2,3,0,1,100.000,0.050,0,20000,0.05,DISABLED,"[{'type': 'KID_ASSET_CLASS', 'name': 'METAL'}, {'type': 'ASSET_CLASS', 'name': 'COMMODITY'}]","{'longRate': '-0.011', 'shortRate': '-0.0123', 'financingDaysOfWeek': [{'dayOfWeek': 'MONDAY', 'daysCharged': 1}, {'dayOfWeek': 'TUESDAY', 'daysCharged': 1}, {'dayOfWeek': 'WEDNESDAY', 'daysCharged': 1}, {'dayOfWeek': 'THURSDAY', 'daysCharged': 1}, {'dayOfWeek': 'FRIDAY', 'daysCharged': 1}, {'dayOfWeek': 'SATURDAY', 'daysCharged': 0}, {'dayOfWeek': 'SUNDAY', 'daysCharged': 0}]}",,,
106,USD_CAD,CURRENCY,USD/CAD,-4,5,0,1,1.00000,0.00050,0,100000000,0.0333,ALLOWED,"[{'type': 'ASSET_CLASS', 'name': 'CURRENCY'}]","{'longRate': '-0.0106', 'shortRate': '-0.0101', 'financingDaysOfWeek': [{'dayOfWeek': 'MONDAY', 'daysCharged': 1}, {'dayOfWeek': 'TUESDAY', 'daysCharged': 1}, {'dayOfWeek': 'WEDNESDAY', 'daysCharged': 1}, {'dayOfWeek': 'THURSDAY', 'daysCharged': 1}, {'dayOfWeek': 'FRIDAY', 'daysCharged': 1}, {'dayOfWeek': 'SATURDAY', 'daysCharged': 0}, {'dayOfWeek': 'SUNDAY', 'daysCharged': 0}]}",0.0030,0.00030,"{'volume': '1000000', 'priceRange': '0.00250'}"
107,USD_INR,CURRENCY,USD/INR,-2,3,0,1,100.000,0.050,0,100000000,0.05,DISABLED,"[{'type': 'ASSET_CLASS', 'name': 'CURRENCY'}]","{'longRate': '-0.052', 'shortRate': '0.032', 'financingDaysOfWeek': [{'dayOfWeek': 'MONDAY', 'daysCharged': 1}, {'dayOfWeek': 'TUESDAY', 'daysCharged': 1}, {'dayOfWeek': 'WEDNESDAY', 'daysCharged': 1}, {'dayOfWeek': 'THURSDAY', 'daysCharged': 1}, {'dayOfWeek': 'FRIDAY', 'daysCharged': 1}, {'dayOfWeek': 'SATURDAY', 'daysCharged': 0}, {'dayOfWeek': 'SUNDAY', 'daysCharged': 0}]}",,,
108,UK10YB_GBP,CFD,UK 10Y Gilt,-2,3,0,1,100.000,0.050,0,100000,0.2,DISABLED,"[{'type': 'ASSET_CLASS', 'name': 'BOND'}]","{'longRate': '0.007', 'shortRate': '-0.057', 'financingDaysOfWeek': [{'dayOfWeek': 'MONDAY', 'daysCharged': 1}, {'dayOfWeek': 'TUESDAY', 'daysCharged': 1}, {'dayOfWeek': 'WEDNESDAY', 'daysCharged': 1}, {'dayOfWeek': 'THURSDAY', 'daysCharged': 1}, {'dayOfWeek': 'FRIDAY', 'daysCharged': 1}, {'dayOfWeek': 'SATURDAY', 'daysCharged': 1}, {'dayOfWeek': 'SUNDAY', 'daysCharged': 1}]}",,,
109,EUR_CHF,CURRENCY,EUR/CHF,-4,5,0,1,1.00000,0.00050,0,100000000,0.04,DISABLED,"[{'type': 'ASSET_CLASS', 'name': 'CURRENCY'}]","{'longRate': '-0.0083', 'shortRate': '-0.0126', 'financingDaysOfWeek': [{'dayOfWeek': 'MONDAY', 'daysCharged': 1}, {'dayOfWeek': 'TUESDAY', 'daysCharged': 1}, {'dayOfWeek': 'WEDNESDAY', 'daysCharged': 1}, {'dayOfWeek': 'THURSDAY', 'daysCharged': 1}, {'dayOfWeek': 'FRIDAY', 'daysCharged': 1}, {'dayOfWeek': 'SATURDAY', 'daysCharged': 0}, {'dayOfWeek': 'SUNDAY', 'daysCharged': 0}]}",,,
110,NL25_EUR,CFD,Netherlands 25,-2,3,1,0.1,100.000,0.050,0,12000,0.1,ALLOWED,"[{'type': 'ASSET_CLASS', 'name': 'INDEX'}]","{'longRate': '-0.0192', 'shortRate': '-0.0308', 'financingDaysOfWeek': [{'dayOfWeek': 'MONDAY', 'daysCharged': 1}, {'dayOfWeek': 'TUESDAY', 'daysCharged': 1}, {'dayOfWeek': 'WEDNESDAY', 'daysCharged': 1}, {'dayOfWeek': 'THURSDAY', 'daysCharged': 1}, {'dayOfWeek': 'FRIDAY', 'daysCharged': 3}, {'dayOfWeek': 'SATURDAY', 'daysCharged': 0}, {'dayOfWeek': 'SUNDAY', 'daysCharged': 0}]}",7.30,0.400,"{'volume': '500', 'priceRange': '10.000'}"
111,EUR_CAD,CURRENCY,EUR/CAD,-4,5,0,1,1.00000,0.00050,0,100000000,0.0333,ALLOWED,"[{'type': 'ASSET_CLASS', 'name': 'CURRENCY'}]","{'longRate': '-0.019', 'shortRate': '-0.0048', 'financingDaysOfWeek': [{'dayOfWeek': 'MONDAY', 'daysCharged': 1}, {'dayOfWeek': 'TUESDAY', 'daysCharged': 1}, {'dayOfWeek': 'WEDNESDAY', 'daysCharged': 1}, {'dayOfWeek': 'THURSDAY', 'daysCharged': 1}, {'dayOfWeek': 'FRIDAY', 'daysCharged': 1}, {'dayOfWeek': 'SATURDAY', 'daysCharged': 0}, {'dayOfWeek': 'SUNDAY', 'daysCharged': 0}]}",0.0030,0.00030,"{'volume': '1000000', 'priceRange': '0.00250'}"
112,USD_HUF,CURRENCY,USD/HUF,-2,3,0,1,100.000,0.050,0,100000000,0.05,DISABLED,"[{'type': 'ASSET_CLASS', 'name': 'CURRENCY'}]","{'longRate': '-0.0626', 'shortRate': '0.00020', 'financingDaysOfWeek': [{'dayOfWeek': 'MONDAY', 'daysCharged': 1}, {'dayOfWeek': 'TUESDAY', 'daysCharged': 1}, {'dayOfWeek': 'WEDNESDAY', 'daysCharged': 1}, {'dayOfWeek': 'THURSDAY', 'daysCharged': 1}, {'dayOfWeek': 'FRIDAY', 'daysCharged': 1}, {'dayOfWeek': 'SATURDAY', 'daysCharged': 0}, {'dayOfWeek': 'SUNDAY', 'daysCharged': 0}]}",,,
113,USB30Y_USD,CFD,US T-Bond,-2,3,0,1,100.000,0.050,0,200000,0.2,DISABLED,"[{'type': 'ASSET_CLASS', 'name': 'BOND'}]","{'longRate': '0.014', 'shortRate': '-0.064', 'financingDaysOfWeek': [{'dayOfWeek': 'MONDAY', 'daysCharged': 1}, {'dayOfWeek': 'TUESDAY', 'daysCharged': 1}, {'dayOfWeek': 'WEDNESDAY', 'daysCharged': 1}, {'dayOfWeek': 'THURSDAY', 'daysCharged': 1}, {'dayOfWeek': 'FRIDAY', 'daysCharged': 1}, {'dayOfWeek': 'SATURDAY', 'daysCharged': 1}, {'dayOfWeek': 'SUNDAY', 'daysCharged': 1}]}",,,
114,NZD_CAD,CURRENCY,NZD/CAD,-4,5,0,1,1.00000,0.00050,0,100000000,0.05,ALLOWED,"[{'type': 'ASSET_CLASS', 'name': 'CURRENCY'}]","{'longRate': '0', 'shortRate': '0', 'financingDaysOfWeek': [{'dayOfWeek': 'MONDAY', 'daysCharged': 1}, {'dayOfWeek': 'TUESDAY', 'daysCharged': 1}, {'dayOfWeek': 'WEDNESDAY', 'daysCharged': 1}, {'dayOfWeek': 'THURSDAY', 'daysCharged': 1}, {'dayOfWeek': 'FRIDAY', 'daysCharged': 1}, {'dayOfWeek': 'SATURDAY', 'daysCharged': 0}, {'dayOfWeek': 'SUNDAY', 'daysCharged': 0}]}",0.0030,0.00050,"{'volume': '1000000', 'priceRange': '0.00250'}"
115,EUR_SGD,CURRENCY,EUR/SGD,-4,5,0,1,1.00000,0.00050,0,100000000,0.05,ALLOWED,"[{'type': 'ASSET_CLASS', 'name': 'CURRENCY'}]","{'longRate': '-0.0605', 'shortRate': '-0.0433', 'financingDaysOfWeek': [{'dayOfWeek': 'MONDAY', 'daysCharged': 1}, {'dayOfWeek': 'TUESDAY', 'daysCharged': 1}, {'dayOfWeek': 'WEDNESDAY', 'daysCharged': 1}, {'dayOfWeek': 'THURSDAY', 'daysCharged': 1}, {'dayOfWeek': 'FRIDAY', 'daysCharged': 1}, {'dayOfWeek': 'SATURDAY', 'daysCharged': 0}, {'dayOfWeek': 'SUNDAY', 'daysCharged': 0}]}",0.0075,0.00030,"{'volume': '1000000', 'priceRange': '0.01000'}"
116,AUD_USD,CURRENCY,AUD/USD,-4,5,0,1,1.00000,0.00050,0,100000000,0.05,ALLOWED,"[{'type': 'ASSET_CLASS', 'name': 'CURRENCY'}]","{'longRate': '-0.0118', 'shortRate': '-0.0089', 'financingDaysOfWeek': [{'dayOfWeek': 'MONDAY', 'daysCharged': 1}, {'dayOfWeek': 'TUESDAY', 'daysCharged': 1}, {'dayOfWeek': 'WEDNESDAY', 'daysCharged': 1}, {'dayOfWeek': 'THURSDAY', 'daysCharged': 1}, {'dayOfWeek': 'FRIDAY', 'daysCharged': 1}, {'dayOfWeek': 'SATURDAY', 'daysCharged': 0}, {'dayOfWeek': 'SUNDAY', 'daysCharged': 0}]}",0.0015,0.00040,"{'volume': '1000000', 'priceRange': '0.00250'}"
117,SOYBN_USD,CFD,Soybeans,-2,3,0,1,100.000,0.050,0,600000,0.1,DISABLED,"[{'type': 'ASSET_CLASS', 'name': 'COMMODITY'}]","{'longRate': '-0.046', 'shortRate': '-0.004', 'financingDaysOfWeek': [{'dayOfWeek': 'MONDAY', 'daysCharged': 1}, {'dayOfWeek': 'TUESDAY', 'daysCharged': 1}, {'dayOfWeek': 'WEDNESDAY', 'daysCharged': 1}, {'dayOfWeek': 'THURSDAY', 'daysCharged': 1}, {'dayOfWeek': 'FRIDAY', 'daysCharged': 1}, {'dayOfWeek': 'SATURDAY', 'daysCharged': 1}, {'dayOfWeek': 'SUNDAY', 'daysCharged': 1}]}",,,
118,EUR_USD,CURRENCY,EUR/USD,-4,5,0,1,1.00000,0.00050,0,100000000,0.0333,ALLOWED,"[{'type': 'ASSET_CLASS', 'name': 'CURRENCY'}]","{'longRate': '-0.0169', 'shortRate': '-0.0035', 'financingDaysOfWeek': [{'dayOfWeek': 'MONDAY', 'daysCharged': 1}, {'dayOfWeek': 'TUESDAY', 'daysCharged': 1}, {'dayOfWeek': 'WEDNESDAY', 'daysCharged': 1}, {'dayOfWeek': 'THURSDAY', 'daysCharged': 1}, {'dayOfWeek': 'FRIDAY', 'daysCharged': 1}, {'dayOfWeek': 'SATURDAY', 'daysCharged': 0}, {'dayOfWeek': 'SUNDAY', 'daysCharged': 0}]}",0.0015,0.00012,"{'volume': '1000000', 'priceRange': '0.00250'}"
119,SG30_SGD,CFD,Singapore 30,-1,2,1,0.1,1000.00,0.50,0,2000,0.1,ALLOWED,"[{'type': 'ASSET_CLASS', 'name': 'INDEX'}]","{'longRate': '-0.0281', 'shortRate': '-0.0219', 'financingDaysOfWeek': [{'dayOfWeek': 'MONDAY', 'daysCharged': 1}, {'dayOfWeek': 'TUESDAY', 'daysCharged': 1}, {'dayOfWeek': 'WEDNESDAY', 'daysCharged': 1}, {'dayOfWeek': 'THURSDAY', 'daysCharged': 1}, {'dayOfWeek': 'FRIDAY', 'daysCharged': 3}, {'dayOfWeek': 'SATURDAY', 'daysCharged': 0}, {'dayOfWeek': 'SUNDAY', 'daysCharged': 0}]}",3.6,0.20,"{'volume': '250', 'priceRange': '10.00'}"
120,GBP_AUD,CURRENCY,GBP/AUD,-4,5,0,1,1.00000,0.00050,0,100000000,0.05,ALLOWED,"[{'type': 'ASSET_CLASS', 'name': 'CURRENCY'}]","{'longRate': '-0.009', 'shortRate': '-0.013', 'financingDaysOfWeek': [{'dayOfWeek': 'MONDAY', 'daysCharged': 1}, {'dayOfWeek': 'TUESDAY', 'daysCharged': 1}, {'dayOfWeek': 'WEDNESDAY', 'daysCharged': 1}, {'dayOfWeek': 'THURSDAY', 'daysCharged': 1}, {'dayOfWeek': 'FRIDAY', 'daysCharged': 1}, {'dayOfWeek': 'SATURDAY', 'daysCharged': 0}, {'dayOfWeek': 'SUNDAY', 'daysCharged': 0}]}",0.0030,0.00100,"{'volume': '1000000', 'priceRange': '0.00250'}"
121,USD_PLN,CURRENCY,USD/PLN,-4,5,0,1,1.00000,0.00050,0,100000000,0.05,DISABLED,"[{'type': 'ASSET_CLASS', 'name': 'CURRENCY'}]","{'longRate': '-0.0288', 'shortRate': '0.0038', 'financingDaysOfWeek': [{'dayOfWeek': 'MONDAY', 'daysCharged': 1}, {'dayOfWeek': 'TUESDAY', 'daysCharged': 1}, {'dayOfWeek': 'WEDNESDAY', 'daysCharged': 1}, {'dayOfWeek': 'THURSDAY', 'daysCharged': 1}, {'dayOfWeek': 'FRIDAY', 'daysCharged': 1}, {'dayOfWeek': 'SATURDAY', 'daysCharged': 0}, {'dayOfWeek': 'SUNDAY', 'daysCharged': 0}]}",,,
122,AU200_AUD,CFD,Australia 200,0,1,1,0.1,10000.0,5.0,0,1250,0.05,ALLOWED,"[{'type': 'ASSET_CLASS', 'name': 'INDEX'}]","{'longRate': '-0.0255', 'shortRate': '-0.0245', 'financingDaysOfWeek': [{'dayOfWeek': 'MONDAY', 'daysCharged': 1}, {'dayOfWeek': 'TUESDAY', 'daysCharged': 1}, {'dayOfWeek': 'WEDNESDAY', 'daysCharged': 1}, {'dayOfWeek': 'THURSDAY', 'daysCharged': 1}, {'dayOfWeek': 'FRIDAY', 'daysCharged': 3}, {'dayOfWeek': 'SATURDAY', 'daysCharged': 0}, {'dayOfWeek': 'SUNDAY', 'daysCharged': 0}]}",73,1.5,"{'volume': '250', 'priceRange': '15.0'}"
123,CHINAH_HKD,CFD,China H Shares,0,1,1,0.1,10000.0,5.0,0,500,0.1,DISABLED,"[{'type': 'ASSET_CLASS', 'name': 'INDEX'}]","{'longRate': '-0.0253', 'shortRate': '-0.0247', 'financingDaysOfWeek': [{'dayOfWeek': 'MONDAY', 'daysCharged': 1}, {'dayOfWeek': 'TUESDAY', 'daysCharged': 1}, {'dayOfWeek': 'WEDNESDAY', 'daysCharged': 1}, {'dayOfWeek': 'THURSDAY', 'daysCharged': 1}, {'dayOfWeek': 'FRIDAY', 'daysCharged': 3}, {'dayOfWeek': 'SATURDAY', 'daysCharged': 0}, {'dayOfWeek': 'SUNDAY', 'daysCharged': 0}]}",,,
124,CH20_CHF,CFD,Switzerland 20,0,1,1,0.1,10000.0,5.0,0,500,0.1,DISABLED,"[{'type': 'ASSET_CLASS', 'name': 'INDEX'}]","{'longRate': '-0.0179', 'shortRate': '-0.0321', 'financingDaysOfWeek': [{'dayOfWeek': 'MONDAY', 'daysCharged': 1}, {'dayOfWeek': 'TUESDAY', 'daysCharged': 1}, {'dayOfWeek': 'WEDNESDAY', 'daysCharged': 1}, {'dayOfWeek': 'THURSDAY', 'daysCharged': 1}, {'dayOfWeek': 'FRIDAY', 'daysCharged': 3}, {'dayOfWeek': 'SATURDAY', 'daysCharged': 0}, {'dayOfWeek': 'SUNDAY', 'daysCharged': 0}]}",,,
125,CAD_HKD,CURRENCY,CAD/HKD,-4,5,0,1,1.00000,0.00050,0,100000000,0.1,DISABLED,"[{'type': 'ASSET_CLASS', 'name': 'CURRENCY'}]","{'longRate': '-0.0115', 'shortRate': '-0.0124', 'financingDaysOfWeek': [{'dayOfWeek': 'MONDAY', 'daysCharged': 1}, {'dayOfWeek': 'TUESDAY', 'daysCharged': 1}, {'dayOfWeek': 'WEDNESDAY', 'daysCharged': 1}, {'dayOfWeek': 'THURSDAY', 'daysCharged': 1}, {'dayOfWeek': 'FRIDAY', 'daysCharged': 1}, {'dayOfWeek': 'SATURDAY', 'daysCharged': 0}, {'dayOfWeek': 'SUNDAY', 'daysCharged': 0}]}",,,
126,US30_USD,CFD,US Wall St 30,0,1,1,0.1,10000.0,5.0,0,1000,0.05,ALLOWED,"[{'type': 'ASSET_CLASS', 'name': 'INDEX'}]","{'longRate': '-0.0255', 'shortRate': '-0.0245', 'financingDaysOfWeek': [{'dayOfWeek': 'MONDAY', 'daysCharged': 1}, {'dayOfWeek': 'TUESDAY', 'daysCharged': 1}, {'dayOfWeek': 'WEDNESDAY', 'daysCharged': 1}, {'dayOfWeek': 'THURSDAY', 'daysCharged': 1}, {'dayOfWeek': 'FRIDAY', 'daysCharged': 3}, {'dayOfWeek': 'SATURDAY', 'daysCharged': 0}, {'dayOfWeek': 'SUNDAY', 'daysCharged': 0}]}",342,4.0,"{'volume': '50', 'priceRange': '25.0'}"
127,GBP_CAD,CURRENCY,GBP/CAD,-4,5,0,1,1.00000,0.00050,0,100000000,0.0333,ALLOWED,"[{'type': 'ASSET_CLASS', 'name': 'CURRENCY'}]","{'longRate': '-0.0122', 'shortRate': '-0.0128', 'financingDaysOfWeek': [{'dayOfWeek': 'MONDAY', 'daysCharged': 1}, {'dayOfWeek': 'TUESDAY', 'daysCharged': 1}, {'dayOfWeek': 'WEDNESDAY', 'daysCharged': 1}, {'dayOfWeek': 'THURSDAY', 'daysCharged': 1}, {'dayOfWeek': 'FRIDAY', 'daysCharged': 1}, {'dayOfWeek': 'SATURDAY', 'daysCharged': 0}, {'dayOfWeek': 'SUNDAY', 'daysCharged': 0}]}",0.0030,0.00050,"{'volume': '1000000', 'priceRange': '0.00250'}"
128,GBP_PLN,CURRENCY,GBP/PLN,-4,5,0,1,1.00000,0.00050,0,100000000,0.05,DISABLED,"[{'type': 'ASSET_CLASS', 'name': 'CURRENCY'}]","{'longRate': '-0.0287', 'shortRate': '0.0027', 'financingDaysOfWeek': [{'dayOfWeek': 'MONDAY', 'daysCharged': 1}, {'dayOfWeek': 'TUESDAY', 'daysCharged': 1}, {'dayOfWeek': 'WEDNESDAY', 'daysCharged': 1}, {'dayOfWeek': 'THURSDAY', 'daysCharged': 1}, {'dayOfWeek': 'FRIDAY', 'daysCharged': 1}, {'dayOfWeek': 'SATURDAY', 'daysCharged': 0}, {'dayOfWeek': 'SUNDAY', 'daysCharged': 0}]}",,,
129,DE30_EUR,CFD,Germany 30,0,1,1,0.1,10000.0,5.0,0,1000,0.05,ALLOWED,"[{'type': 'ASSET_CLASS', 'name': 'INDEX'}]","{'longRate': '-0.0192', 'shortRate': '-0.0308', 'financingDaysOfWeek': [{'dayOfWeek': 'MONDAY', 'daysCharged': 1}, {'dayOfWeek': 'TUESDAY', 'daysCharged': 1}, {'dayOfWeek': 'WEDNESDAY', 'daysCharged': 1}, {'dayOfWeek': 'THURSDAY', 'daysCharged': 1}, {'dayOfWeek': 'FRIDAY', 'daysCharged': 3}, {'dayOfWeek': 'SATURDAY', 'daysCharged': 0}, {'dayOfWeek': 'SUNDAY', 'daysCharged': 0}]}",155,2.0,"{'volume': '100', 'priceRange': '25.0'}"
